image id,true label,confidence,prediction
5027,0,1.0,"[np.float32(1.0), np.float32(0.0), np.float32(0.0), np.float32(0.0), np.float32(0.0), np.float32(0.0), np.float32(0.0), np.float32(0.0), np.float32(0.0), np.float32(0.0)]"
2757,1,1.0,"[np.float32(0.0), np.float32(1.0), np.float32(0.0), np.float32(0.0), np.float32(0.0), np.float32(0.0), np.float32(0.0), np.float32(0.0), np.float32(0.0), np.float32(0.0)]"
374,2,1.0,"[np.float32(0.0), np.float32(0.0), np.float32(1.0), np.float32(0.0), np.float32(0.0), np.float32(0.0), np.float32(0.0), np.float32(0.0), np.float32(0.0), np.float32(0.0)]"
9295,3,1.0,"[np.float32(0.0), np.float32(0.0), np.float32(0.0), np.float32(1.0), np.float32(0.0), np.float32(0.0), np.float32(0.0), np.float32(0.0), np.float32(0.0), np.float32(0.0)]"
3326,4,1.0,"[np.float32(0.0), np.float32(0.0), np.float32(0.0), np.float32(0.0), np.float32(1.0), np.float32(0.0), np.float32(0.0), np.float32(0.0), np.float32(0.0), np.float32(0.0)]"
9523,5,1.0,"[np.float32(0.0), np.float32(0.0), np.float32(0.0), np.float32(0.0), np.float32(0.0), np.float32(1.0), np.float32(0.0), np.float32(0.0), np.float32(0.0), np.float32(0.0)]"
4579,6,1.0,"[np.float32(0.0), np.float32(0.0), np.float32(0.0), np.float32(0.0), np.float32(0.0), np.float32(0.0), np.float32(1.0), np.float32(0.0), np.float32(0.0), np.float32(0.0)]"
7546,7,1.0,"[np.float32(0.0), np.float32(0.0), np.float32(0.0), np.float32(0.0), np.float32(0.0), np.float32(0.0), np.float32(0.0), np.float32(1.0), np.float32(0.0), np.float32(0.0)]"
8223,8,1.0,"[np.float32(0.0), np.float32(0.0), np.float32(0.0), np.float32(0.0), np.float32(0.0), np.float32(0.0), np.float32(0.0), np.float32(0.0), np.float32(1.0), np.float32(0.0)]"
5763,9,1.0,"[np.float32(0.0), np.float32(0.0), np.float32(0.0), np.float32(0.0), np.float32(0.0), np.float32(0.0), np.float32(0.0), np.float32(0.0), np.float32(0.0), np.float32(1.0)]"
4202,0,1.0,"[np.float32(1.0), np.float32(0.0), np.float32(0.0), np.float32(0.0), np.float32(0.0), np.float32(0.0), np.float32(0.0), np.float32(0.0), np.float32(0.0), np.float32(0.0)]"
7656,1,1.0,"[np.float32(0.0), np.float32(1.0), np.float32(0.0), np.float32(0.0), np.float32(0.0), np.float32(0.0), np.float32(0.0), np.float32(0.0), np.float32(0.0), np.float32(0.0)]"
3003,2,1.0,"[np.float32(0.0), np.float32(0.0), np.float32(1.0), np.float32(0.0), np.float32(0.0), np.float32(0.0), np.float32(0.0), np.float32(0.0), np.float32(0.0), np.float32(0.0)]"
1074,3,1.0,"[np.float32(0.0), np.float32(0.0), np.float32(0.0), np.float32(1.0), np.float32(0.0), np.float32(0.0), np.float32(0.0), np.float32(0.0), np.float32(0.0), np.float32(0.0)]"
6616,4,1.0,"[np.float32(1.1242357e-30), np.float32(0.0), np.float32(1.5076029e-18), np.float32(0.0), np.float32(1.0), np.float32(0.0), np.float32(0.0), np.float32(0.0), np.float32(4.0146677e-28), np.float32(0.0)]"
7671,5,1.0,"[np.float32(0.0), np.float32(0.0), np.float32(0.0), np.float32(7.6450713e-38), np.float32(0.0), np.float32(1.0), np.float32(0.0), np.float32(0.0), np.float32(0.0), np.float32(0.0)]"
4648,6,1.0,"[np.float32(0.0), np.float32(0.0), np.float32(0.0), np.float32(0.0), np.float32(0.0), np.float32(0.0), np.float32(1.0), np.float32(0.0), np.float32(0.0), np.float32(0.0)]"
9307,7,1.0,"[np.float32(0.0), np.float32(0.0), np.float32(0.0), np.float32(0.0), np.float32(0.0), np.float32(0.0), np.float32(0.0), np.float32(1.0), np.float32(0.0), np.float32(0.0)]"
9669,8,1.0,"[np.float32(0.0), np.float32(0.0), np.float32(0.0), np.float32(0.0), np.float32(0.0), np.float32(0.0), np.float32(0.0), np.float32(0.0), np.float32(1.0), np.float32(0.0)]"
1563,9,1.0,"[np.float32(0.0), np.float32(0.0), np.float32(0.0), np.float32(0.0), np.float32(0.0), np.float32(0.0), np.float32(0.0), np.float32(0.0), np.float32(0.0), np.float32(1.0)]"
7103,0,1.0,"[np.float32(1.0), np.float32(0.0), np.float32(0.0), np.float32(0.0), np.float32(0.0), np.float32(0.0), np.float32(0.0), np.float32(0.0), np.float32(0.0), np.float32(0.0)]"
6166,1,1.0,"[np.float32(0.0), np.float32(1.0), np.float32(0.0), np.float32(0.0), np.float32(0.0), np.float32(0.0), np.float32(0.0), np.float32(0.0), np.float32(0.0), np.float32(0.0)]"
8010,2,1.0,"[np.float32(0.0), np.float32(0.0), np.float32(1.0), np.float32(0.0), np.float32(0.0), np.float32(0.0), np.float32(0.0), np.float32(0.0), np.float32(0.0), np.float32(0.0)]"
3231,3,1.0,"[np.float32(0.0), np.float32(0.0), np.float32(0.0), np.float32(1.0), np.float32(0.0), np.float32(0.0), np.float32(0.0), np.float32(0.0), np.float32(0.0), np.float32(0.0)]"
5638,4,1.0,"[np.float32(0.0), np.float32(0.0), np.float32(0.0), np.float32(1.1065807e-33), np.float32(1.0), np.float32(0.0), np.float32(0.0), np.float32(0.0), np.float32(0.0), np.float32(0.0)]"
6964,5,1.0,"[np.float32(0.0), np.float32(0.0), np.float32(0.0), np.float32(0.0), np.float32(0.0), np.float32(1.0), np.float32(0.0), np.float32(0.0), np.float32(0.0), np.float32(0.0)]"
635,6,1.0,"[np.float32(0.0), np.float32(0.0), np.float32(0.0), np.float32(0.0), np.float32(0.0), np.float32(0.0), np.float32(1.0), np.float32(0.0), np.float32(0.0), np.float32(0.0)]"
9416,7,1.0,"[np.float32(0.0), np.float32(0.0), np.float32(0.0), np.float32(0.0), np.float32(0.0), np.float32(0.0), np.float32(0.0), np.float32(1.0), np.float32(0.0), np.float32(0.0)]"
9908,8,1.0,"[np.float32(0.0), np.float32(0.0), np.float32(0.0), np.float32(0.0), np.float32(0.0), np.float32(0.0), np.float32(0.0), np.float32(0.0), np.float32(1.0), np.float32(0.0)]"
6749,9,1.0,"[np.float32(0.0), np.float32(0.0), np.float32(0.0), np.float32(0.0), np.float32(0.0), np.float32(0.0), np.float32(0.0), np.float32(0.0), np.float32(0.0), np.float32(1.0)]"
9539,0,1.0,"[np.float32(1.0), np.float32(0.0), np.float32(0.0), np.float32(0.0), np.float32(0.0), np.float32(0.0), np.float32(0.0), np.float32(0.0), np.float32(0.0), np.float32(0.0)]"
8391,1,1.0,"[np.float32(0.0), np.float32(1.0), np.float32(0.0), np.float32(0.0), np.float32(0.0), np.float32(0.0), np.float32(0.0), np.float32(0.0), np.float32(0.0), np.float32(0.0)]"
7902,2,1.0,"[np.float32(0.0), np.float32(0.0), np.float32(1.0), np.float32(0.0), np.float32(0.0), np.float32(0.0), np.float32(0.0), np.float32(0.0), np.float32(0.0), np.float32(0.0)]"
4175,3,1.0,"[np.float32(0.0), np.float32(0.0), np.float32(0.0), np.float32(1.0), np.float32(0.0), np.float32(0.0), np.float32(0.0), np.float32(0.0), np.float32(0.0), np.float32(0.0)]"
3706,4,1.0,"[np.float32(0.0), np.float32(0.0), np.float32(0.0), np.float32(0.0), np.float32(1.0), np.float32(0.0), np.float32(0.0), np.float32(0.0), np.float32(0.0), np.float32(0.0)]"
1999,5,1.0,"[np.float32(0.0), np.float32(0.0), np.float32(0.0), np.float32(0.0), np.float32(0.0), np.float32(1.0), np.float32(0.0), np.float32(0.0), np.float32(0.0), np.float32(0.0)]"
3540,6,1.0,"[np.float32(0.0), np.float32(0.0), np.float32(0.0), np.float32(0.0), np.float32(0.0), np.float32(0.0), np.float32(1.0), np.float32(0.0), np.float32(0.0), np.float32(0.0)]"
3260,7,1.0,"[np.float32(0.0), np.float32(0.0), np.float32(0.0), np.float32(0.0), np.float32(0.0), np.float32(0.0), np.float32(0.0), np.float32(1.0), np.float32(0.0), np.float32(0.0)]"
6794,8,1.0,"[np.float32(0.0), np.float32(0.0), np.float32(0.0), np.float32(0.0), np.float32(0.0), np.float32(0.0), np.float32(0.0), np.float32(0.0), np.float32(1.0), np.float32(0.0)]"
2482,9,1.0,"[np.float32(0.0), np.float32(0.0), np.float32(0.0), np.float32(0.0), np.float32(0.0), np.float32(0.0), np.float32(0.0), np.float32(0.0), np.float32(0.0), np.float32(1.0)]"
5036,0,1.0,"[np.float32(1.0), np.float32(0.0), np.float32(0.0), np.float32(0.0), np.float32(0.0), np.float32(0.0), np.float32(0.0), np.float32(0.0), np.float32(0.0), np.float32(0.0)]"
2764,1,1.0,"[np.float32(0.0), np.float32(1.0), np.float32(0.0), np.float32(0.0), np.float32(0.0), np.float32(0.0), np.float32(0.0), np.float32(0.0), np.float32(0.0), np.float32(0.0)]"
9344,2,1.0,"[np.float32(0.0), np.float32(0.0), np.float32(1.0), np.float32(0.0), np.float32(0.0), np.float32(0.0), np.float32(0.0), np.float32(0.0), np.float32(0.0), np.float32(0.0)]"
5700,3,1.0,"[np.float32(0.0), np.float32(0.0), np.float32(0.0), np.float32(1.0), np.float32(0.0), np.float32(0.0), np.float32(0.0), np.float32(0.0), np.float32(0.0), np.float32(0.0)]"
7188,4,1.0,"[np.float32(0.0), np.float32(0.0), np.float32(0.0), np.float32(0.0), np.float32(1.0), np.float32(0.0), np.float32(0.0), np.float32(0.0), np.float32(0.0), np.float32(0.0)]"
7716,5,1.0,"[np.float32(0.0), np.float32(0.0), np.float32(0.0), np.float32(0.0), np.float32(0.0), np.float32(1.0), np.float32(0.0), np.float32(0.0), np.float32(0.0), np.float32(0.0)]"
4859,6,1.0,"[np.float32(0.0), np.float32(0.0), np.float32(0.0), np.float32(0.0), np.float32(0.0), np.float32(0.0), np.float32(1.0), np.float32(0.0), np.float32(0.0), np.float32(0.0)]"
4058,7,1.0,"[np.float32(0.0), np.float32(0.0), np.float32(0.0), np.float32(0.0), np.float32(0.0), np.float32(0.0), np.float32(0.0), np.float32(1.0), np.float32(0.0), np.float32(0.0)]"
4020,8,1.0,"[np.float32(0.0), np.float32(0.0), np.float32(0.0), np.float32(0.0), np.float32(0.0), np.float32(0.0), np.float32(0.0), np.float32(0.0), np.float32(1.0), np.float32(0.0)]"
3742,9,1.0,"[np.float32(0.0), np.float32(0.0), np.float32(0.0), np.float32(0.0), np.float32(0.0), np.float32(0.0), np.float32(0.0), np.float32(0.0), np.float32(0.0), np.float32(1.0)]"
4113,0,1.0,"[np.float32(1.0), np.float32(0.0), np.float32(0.0), np.float32(0.0), np.float32(0.0), np.float32(0.0), np.float32(0.0), np.float32(0.0), np.float32(0.0), np.float32(0.0)]"
5483,1,1.0,"[np.float32(0.0), np.float32(1.0), np.float32(0.0), np.float32(0.0), np.float32(0.0), np.float32(0.0), np.float32(0.0), np.float32(0.0), np.float32(0.0), np.float32(0.0)]"
6456,2,1.0,"[np.float32(0.0), np.float32(0.0), np.float32(1.0), np.float32(0.0), np.float32(0.0), np.float32(0.0), np.float32(0.0), np.float32(0.0), np.float32(0.0), np.float32(0.0)]"
9947,3,1.0,"[np.float32(0.0), np.float32(0.0), np.float32(9.536223e-28), np.float32(1.0), np.float32(0.0), np.float32(0.0), np.float32(3.647834e-20), np.float32(0.0), np.float32(0.0), np.float32(0.0)]"
2403,4,1.0,"[np.float32(0.0), np.float32(0.0), np.float32(0.0), np.float32(0.0), np.float32(1.0), np.float32(0.0), np.float32(0.0), np.float32(0.0), np.float32(0.0), np.float32(0.0)]"
5816,5,1.0,"[np.float32(0.0), np.float32(0.0), np.float32(0.0), np.float32(2.6598505e-18), np.float32(0.0), np.float32(1.0), np.float32(0.0), np.float32(0.0), np.float32(0.0), np.float32(0.0)]"
2914,6,1.0,"[np.float32(0.0), np.float32(0.0), np.float32(3.049036e-24), np.float32(0.0), np.float32(0.0), np.float32(0.0), np.float32(1.0), np.float32(0.0), np.float32(0.0), np.float32(0.0)]"
9945,7,1.0,"[np.float32(0.0), np.float32(0.0), np.float32(0.0), np.float32(0.0), np.float32(0.0), np.float32(0.0), np.float32(0.0), np.float32(1.0), np.float32(0.0), np.float32(0.0)]"
3383,8,1.0,"[np.float32(0.0), np.float32(0.0), np.float32(0.0), np.float32(0.0), np.float32(0.0), np.float32(0.0), np.float32(0.0), np.float32(0.0), np.float32(1.0), np.float32(0.0)]"
7350,9,1.0,"[np.float32(0.0), np.float32(0.0), np.float32(0.0), np.float32(0.0), np.float32(0.0), np.float32(0.0), np.float32(0.0), np.float32(0.0), np.float32(0.0), np.float32(1.0)]"
4726,0,1.0,"[np.float32(1.0), np.float32(0.0), np.float32(0.0), np.float32(0.0), np.float32(0.0), np.float32(0.0), np.float32(0.0), np.float32(0.0), np.float32(0.0), np.float32(0.0)]"
1806,1,1.0,"[np.float32(0.0), np.float32(1.0), np.float32(0.0), np.float32(0.0), np.float32(0.0), np.float32(0.0), np.float32(0.0), np.float32(0.0), np.float32(0.0), np.float32(0.0)]"
2751,2,1.0,"[np.float32(0.0), np.float32(0.0), np.float32(1.0), np.float32(0.0), np.float32(0.0), np.float32(0.0), np.float32(0.0), np.float32(0.0), np.float32(0.0), np.float32(0.0)]"
3835,3,1.0,"[np.float32(0.0), np.float32(0.0), np.float32(0.0), np.float32(1.0), np.float32(0.0), np.float32(3.697845e-31), np.float32(0.0), np.float32(0.0), np.float32(0.0), np.float32(0.0)]"
2191,4,1.0,"[np.float32(0.0), np.float32(0.0), np.float32(0.0), np.float32(0.0), np.float32(1.0), np.float32(0.0), np.float32(0.0), np.float32(0.0), np.float32(0.0), np.float32(0.0)]"
6764,5,1.0,"[np.float32(0.0), np.float32(0.0), np.float32(0.0), np.float32(0.0), np.float32(0.0), np.float32(1.0), np.float32(0.0), np.float32(0.0), np.float32(0.0), np.float32(0.0)]"
2802,6,1.0,"[np.float32(0.0), np.float32(0.0), np.float32(0.0), np.float32(0.0), np.float32(0.0), np.float32(0.0), np.float32(1.0), np.float32(0.0), np.float32(0.0), np.float32(0.0)]"
4825,7,1.0,"[np.float32(0.0), np.float32(0.0), np.float32(0.0), np.float32(0.0), np.float32(0.0), np.float32(0.0), np.float32(0.0), np.float32(1.0), np.float32(0.0), np.float32(0.0)]"
4621,8,1.0,"[np.float32(0.0), np.float32(0.0), np.float32(0.0), np.float32(0.0), np.float32(0.0), np.float32(0.0), np.float32(0.0), np.float32(0.0), np.float32(1.0), np.float32(0.0)]"
2469,9,1.0,"[np.float32(0.0), np.float32(0.0), np.float32(0.0), np.float32(0.0), np.float32(0.0), np.float32(0.0), np.float32(0.0), np.float32(0.0), np.float32(0.0), np.float32(1.0)]"
9144,0,1.0,"[np.float32(1.0), np.float32(0.0), np.float32(0.0), np.float32(0.0), np.float32(0.0), np.float32(0.0), np.float32(0.0), np.float32(0.0), np.float32(0.0), np.float32(0.0)]"
8527,1,1.0,"[np.float32(0.0), np.float32(1.0), np.float32(0.0), np.float32(0.0), np.float32(0.0), np.float32(0.0), np.float32(0.0), np.float32(0.0), np.float32(0.0), np.float32(0.0)]"
4640,2,1.0,"[np.float32(0.0), np.float32(0.0), np.float32(1.0), np.float32(0.0), np.float32(0.0), np.float32(0.0), np.float32(0.0), np.float32(0.0), np.float32(0.0), np.float32(0.0)]"
1625,3,1.0,"[np.float32(0.0), np.float32(0.0), np.float32(0.0), np.float32(1.0), np.float32(0.0), np.float32(0.0), np.float32(0.0), np.float32(0.0), np.float32(0.0), np.float32(0.0)]"
7481,4,1.0,"[np.float32(0.0), np.float32(0.0), np.float32(0.0), np.float32(0.0), np.float32(1.0), np.float32(0.0), np.float32(0.0), np.float32(0.0), np.float32(0.0), np.float32(0.0)]"
2168,5,1.0,"[np.float32(0.0), np.float32(0.0), np.float32(0.0), np.float32(1.3758643e-34), np.float32(7.926477e-24), np.float32(1.0), np.float32(0.0), np.float32(0.0), np.float32(0.0), np.float32(0.0)]"
2105,6,1.0,"[np.float32(0.0), np.float32(0.0), np.float32(0.0), np.float32(0.0), np.float32(0.0), np.float32(0.0), np.float32(1.0), np.float32(0.0), np.float32(0.0), np.float32(0.0)]"
4183,7,1.0,"[np.float32(0.0), np.float32(0.0), np.float32(0.0), np.float32(0.0), np.float32(0.0), np.float32(0.0), np.float32(0.0), np.float32(1.0), np.float32(0.0), np.float32(0.0)]"
9948,8,1.0,"[np.float32(0.0), np.float32(0.0), np.float32(0.0), np.float32(0.0), np.float32(0.0), np.float32(0.0), np.float32(0.0), np.float32(0.0), np.float32(1.0), np.float32(0.0)]"
1060,9,1.0,"[np.float32(0.0), np.float32(0.0), np.float32(0.0), np.float32(0.0), np.float32(0.0), np.float32(0.0), np.float32(0.0), np.float32(0.0), np.float32(0.0), np.float32(1.0)]"
6966,0,1.0,"[np.float32(1.0), np.float32(0.0), np.float32(0.0), np.float32(0.0), np.float32(0.0), np.float32(0.0), np.float32(0.0), np.float32(0.0), np.float32(0.0), np.float32(0.0)]"
4378,1,1.0,"[np.float32(0.0), np.float32(1.0), np.float32(0.0), np.float32(0.0), np.float32(0.0), np.float32(0.0), np.float32(0.0), np.float32(0.0), np.float32(0.0), np.float32(0.0)]"
4286,2,1.0,"[np.float32(5.9227085e-14), np.float32(0.0), np.float32(1.0), np.float32(0.0), np.float32(0.0), np.float32(0.0), np.float32(0.0), np.float32(0.0), np.float32(0.0), np.float32(0.0)]"
2759,3,1.0,"[np.float32(0.0), np.float32(0.0), np.float32(0.0), np.float32(1.0), np.float32(0.0), np.float32(0.0), np.float32(0.0), np.float32(0.0), np.float32(0.0), np.float32(0.0)]"
9541,4,1.0,"[np.float32(0.0), np.float32(0.0), np.float32(0.0), np.float32(0.0), np.float32(1.0), np.float32(0.0), np.float32(0.0), np.float32(0.0), np.float32(0.0), np.float32(0.0)]"
5617,5,1.0,"[np.float32(0.0), np.float32(0.0), np.float32(0.0), np.float32(0.0), np.float32(0.0), np.float32(1.0), np.float32(0.0), np.float32(0.0), np.float32(0.0), np.float32(0.0)]"
8113,6,1.0,"[np.float32(0.0), np.float32(0.0), np.float32(0.0), np.float32(0.0), np.float32(0.0), np.float32(0.0), np.float32(1.0), np.float32(0.0), np.float32(0.0), np.float32(0.0)]"
9202,7,1.0,"[np.float32(0.0), np.float32(0.0), np.float32(0.0), np.float32(0.0), np.float32(0.0), np.float32(0.0), np.float32(0.0), np.float32(1.0), np.float32(0.0), np.float32(0.0)]"
1286,8,1.0,"[np.float32(0.0), np.float32(0.0), np.float32(0.0), np.float32(0.0), np.float32(0.0), np.float32(0.0), np.float32(0.0), np.float32(0.0), np.float32(1.0), np.float32(0.0)]"
5938,9,1.0,"[np.float32(0.0), np.float32(0.0), np.float32(0.0), np.float32(0.0), np.float32(0.0), np.float32(0.0), np.float32(0.0), np.float32(0.0), np.float32(0.0), np.float32(1.0)]"
3336,0,1.0,"[np.float32(1.0), np.float32(0.0), np.float32(0.0), np.float32(0.0), np.float32(0.0), np.float32(0.0), np.float32(0.0), np.float32(0.0), np.float32(0.0), np.float32(0.0)]"
6536,1,1.0,"[np.float32(0.0), np.float32(1.0), np.float32(0.0), np.float32(0.0), np.float32(0.0), np.float32(0.0), np.float32(0.0), np.float32(0.0), np.float32(0.0), np.float32(0.0)]"
5085,2,1.0,"[np.float32(0.0), np.float32(0.0), np.float32(1.0), np.float32(0.0), np.float32(0.0), np.float32(0.0), np.float32(2.0345849e-17), np.float32(0.0), np.float32(0.0), np.float32(0.0)]"
46,3,1.0,"[np.float32(0.0), np.float32(0.0), np.float32(0.0), np.float32(1.0), np.float32(0.0), np.float32(0.0), np.float32(0.0), np.float32(0.0), np.float32(0.0), np.float32(0.0)]"
5183,4,1.0,"[np.float32(0.0), np.float32(0.0), np.float32(2.2202486e-22), np.float32(4.8209138e-08), np.float32(1.0), np.float32(0.0), np.float32(0.0), np.float32(0.0), np.float32(0.0), np.float32(0.0)]"
3667,5,1.0,"[np.float32(0.0), np.float32(0.0), np.float32(0.0), np.float32(0.0), np.float32(0.0), np.float32(1.0), np.float32(0.0), np.float32(0.0), np.float32(0.0), np.float32(0.0)]"
4857,6,1.0,"[np.float32(0.0), np.float32(0.0), np.float32(0.0), np.float32(0.0), np.float32(0.0), np.float32(0.0), np.float32(1.0), np.float32(0.0), np.float32(0.0), np.float32(0.0)]"
571,7,1.0,"[np.float32(0.0), np.float32(0.0), np.float32(0.0), np.float32(0.0), np.float32(0.0), np.float32(0.0), np.float32(0.0), np.float32(1.0), np.float32(0.0), np.float32(0.0)]"
2323,8,1.0,"[np.float32(0.0), np.float32(0.0), np.float32(0.0), np.float32(0.0), np.float32(0.0), np.float32(0.0), np.float32(0.0), np.float32(0.0), np.float32(1.0), np.float32(0.0)]"
2656,9,1.0,"[np.float32(0.0), np.float32(0.0), np.float32(0.0), np.float32(0.0), np.float32(0.0), np.float32(0.0), np.float32(0.0), np.float32(0.0), np.float32(0.0), np.float32(1.0)]"
7209,0,1.0,"[np.float32(1.0), np.float32(0.0), np.float32(0.0), np.float32(0.0), np.float32(0.0), np.float32(0.0), np.float32(0.0), np.float32(0.0), np.float32(0.0), np.float32(0.0)]"
5726,1,1.0,"[np.float32(0.0), np.float32(1.0), np.float32(0.0), np.float32(0.0), np.float32(0.0), np.float32(0.0), np.float32(0.0), np.float32(0.0), np.float32(0.0), np.float32(0.0)]"
1709,2,1.0,"[np.float32(0.0), np.float32(0.0), np.float32(1.0), np.float32(0.0), np.float32(0.0), np.float32(0.0), np.float32(0.0), np.float32(0.0), np.float32(0.0), np.float32(0.0)]"
279,3,1.0,"[np.float32(0.0), np.float32(0.0), np.float32(0.0), np.float32(1.0), np.float32(0.0), np.float32(0.0), np.float32(0.0), np.float32(0.0), np.float32(0.0), np.float32(0.0)]"
3203,4,1.0,"[np.float32(0.0), np.float32(0.0), np.float32(0.0), np.float32(0.0), np.float32(1.0), np.float32(0.0), np.float32(0.0), np.float32(0.0), np.float32(0.0), np.float32(0.0)]"
1872,5,1.0,"[np.float32(0.0), np.float32(0.0), np.float32(0.0), np.float32(0.0), np.float32(0.0), np.float32(1.0), np.float32(0.0), np.float32(0.0), np.float32(0.0), np.float32(0.0)]"
1982,6,1.0,"[np.float32(0.0), np.float32(0.0), np.float32(0.0), np.float32(0.0), np.float32(0.0), np.float32(0.0), np.float32(1.0), np.float32(0.0), np.float32(0.0), np.float32(0.0)]"
3972,7,1.0,"[np.float32(0.0), np.float32(0.0), np.float32(0.0), np.float32(0.0), np.float32(0.0), np.float32(0.0), np.float32(0.0), np.float32(1.0), np.float32(0.0), np.float32(0.0)]"
8834,8,1.0,"[np.float32(0.0), np.float32(0.0), np.float32(0.0), np.float32(0.0), np.float32(0.0), np.float32(0.0), np.float32(0.0), np.float32(0.0), np.float32(1.0), np.float32(0.0)]"
89,9,1.0,"[np.float32(0.0), np.float32(0.0), np.float32(0.0), np.float32(0.0), np.float32(0.0), np.float32(0.0), np.float32(0.0), np.float32(0.0), np.float32(0.0), np.float32(1.0)]"
5707,0,1.0,"[np.float32(1.0), np.float32(0.0), np.float32(0.0), np.float32(0.0), np.float32(0.0), np.float32(0.0), np.float32(0.0), np.float32(0.0), np.float32(0.0), np.float32(0.0)]"
9645,1,1.0,"[np.float32(0.0), np.float32(1.0), np.float32(0.0), np.float32(0.0), np.float32(0.0), np.float32(0.0), np.float32(0.0), np.float32(0.0), np.float32(0.0), np.float32(0.0)]"
1374,2,1.0,"[np.float32(1.3127354e-24), np.float32(0.0), np.float32(1.0), np.float32(0.0), np.float32(0.0), np.float32(0.0), np.float32(0.0), np.float32(0.0), np.float32(0.0), np.float32(0.0)]"
8271,3,1.0,"[np.float32(0.0), np.float32(0.0), np.float32(0.0), np.float32(1.0), np.float32(0.0), np.float32(0.0), np.float32(0.0), np.float32(0.0), np.float32(0.0), np.float32(0.0)]"
6941,4,1.0,"[np.float32(0.0), np.float32(0.0), np.float32(1.1511147e-32), np.float32(0.0), np.float32(1.0), np.float32(0.0), np.float32(0.0), np.float32(0.0), np.float32(0.0), np.float32(0.0)]"
1922,5,1.0,"[np.float32(0.0), np.float32(0.0), np.float32(0.0), np.float32(0.0), np.float32(0.0), np.float32(1.0), np.float32(0.0), np.float32(0.0), np.float32(0.0), np.float32(0.0)]"
2848,6,1.0,"[np.float32(0.0), np.float32(0.0), np.float32(0.0), np.float32(0.0), np.float32(0.0), np.float32(0.0), np.float32(1.0), np.float32(0.0), np.float32(0.0), np.float32(0.0)]"
6791,7,1.0,"[np.float32(0.0), np.float32(0.0), np.float32(0.0), np.float32(0.0), np.float32(0.0), np.float32(0.0), np.float32(0.0), np.float32(1.0), np.float32(0.0), np.float32(0.0)]"
1347,8,1.0,"[np.float32(0.0), np.float32(0.0), np.float32(0.0), np.float32(0.0), np.float32(0.0), np.float32(0.0), np.float32(0.0), np.float32(0.0), np.float32(1.0), np.float32(0.0)]"
4364,9,1.0,"[np.float32(0.0), np.float32(0.0), np.float32(0.0), np.float32(0.0), np.float32(0.0), np.float32(0.0), np.float32(0.0), np.float32(0.0), np.float32(0.0), np.float32(1.0)]"
8592,0,1.0,"[np.float32(1.0), np.float32(0.0), np.float32(0.0), np.float32(0.0), np.float32(0.0), np.float32(0.0), np.float32(0.0), np.float32(0.0), np.float32(0.0), np.float32(0.0)]"
8097,1,1.0,"[np.float32(0.0), np.float32(1.0), np.float32(0.0), np.float32(0.0), np.float32(0.0), np.float32(0.0), np.float32(0.0), np.float32(0.0), np.float32(0.0), np.float32(0.0)]"
5533,2,1.0,"[np.float32(0.0), np.float32(0.0), np.float32(1.0), np.float32(0.0), np.float32(0.0), np.float32(0.0), np.float32(0.0), np.float32(0.0), np.float32(0.0), np.float32(0.0)]"
8601,3,1.0,"[np.float32(0.0), np.float32(0.0), np.float32(0.0), np.float32(1.0), np.float32(0.0), np.float32(0.0), np.float32(0.0), np.float32(0.0), np.float32(0.0), np.float32(0.0)]"
9074,4,1.0,"[np.float32(0.0), np.float32(0.0), np.float32(0.0), np.float32(0.0), np.float32(1.0), np.float32(0.0), np.float32(0.0), np.float32(0.0), np.float32(0.0), np.float32(0.0)]"
4052,5,1.0,"[np.float32(0.0), np.float32(0.0), np.float32(0.0), np.float32(3.607998e-31), np.float32(0.0), np.float32(1.0), np.float32(0.0), np.float32(0.0), np.float32(0.0), np.float32(0.0)]"
7992,6,1.0,"[np.float32(0.0), np.float32(0.0), np.float32(0.0), np.float32(0.0), np.float32(0.0), np.float32(0.0), np.float32(1.0), np.float32(0.0), np.float32(0.0), np.float32(0.0)]"
9186,7,1.0,"[np.float32(0.0), np.float32(0.0), np.float32(0.0), np.float32(0.0), np.float32(0.0), np.float32(0.0), np.float32(0.0), np.float32(1.0), np.float32(0.0), np.float32(0.0)]"
4497,8,1.0,"[np.float32(0.0), np.float32(0.0), np.float32(0.0), np.float32(0.0), np.float32(0.0), np.float32(0.0), np.float32(0.0), np.float32(0.0), np.float32(1.0), np.float32(0.0)]"
7067,9,1.0,"[np.float32(0.0), np.float32(0.0), np.float32(0.0), np.float32(0.0), np.float32(0.0), np.float32(0.0), np.float32(0.0), np.float32(0.0), np.float32(0.0), np.float32(1.0)]"
7018,0,1.0,"[np.float32(1.0), np.float32(0.0), np.float32(0.0), np.float32(0.0), np.float32(0.0), np.float32(0.0), np.float32(0.0), np.float32(0.0), np.float32(0.0), np.float32(0.0)]"
7236,1,1.0,"[np.float32(0.0), np.float32(1.0), np.float32(0.0), np.float32(0.0), np.float32(0.0), np.float32(0.0), np.float32(0.0), np.float32(0.0), np.float32(0.0), np.float32(0.0)]"
5442,2,1.0,"[np.float32(0.0), np.float32(0.0), np.float32(1.0), np.float32(0.0), np.float32(0.0), np.float32(0.0), np.float32(0.0), np.float32(0.0), np.float32(0.0), np.float32(0.0)]"
7150,3,1.0,"[np.float32(0.0), np.float32(0.0), np.float32(0.0), np.float32(1.0), np.float32(0.0), np.float32(5.007073e-22), np.float32(3.2050707e-37), np.float32(0.0), np.float32(0.0), np.float32(0.0)]"
6308,4,1.0,"[np.float32(0.0), np.float32(0.0), np.float32(0.0), np.float32(0.0), np.float32(1.0), np.float32(0.0), np.float32(0.0), np.float32(0.0), np.float32(0.0), np.float32(0.0)]"
1793,5,1.0,"[np.float32(0.0), np.float32(0.0), np.float32(0.0), np.float32(0.0), np.float32(0.0), np.float32(1.0), np.float32(0.0), np.float32(1.5931028e-14), np.float32(0.0), np.float32(0.0)]"
511,6,1.0,"[np.float32(0.0), np.float32(0.0), np.float32(0.0), np.float32(0.0), np.float32(0.0), np.float32(0.0), np.float32(1.0), np.float32(0.0), np.float32(0.0), np.float32(0.0)]"
5301,7,1.0,"[np.float32(0.0), np.float32(0.0), np.float32(0.0), np.float32(0.0), np.float32(0.0), np.float32(0.0), np.float32(0.0), np.float32(1.0), np.float32(0.0), np.float32(0.0)]"
3380,8,1.0,"[np.float32(0.0), np.float32(0.0), np.float32(0.0), np.float32(0.0), np.float32(0.0), np.float32(0.0), np.float32(0.0), np.float32(0.0), np.float32(1.0), np.float32(0.0)]"
7872,9,1.0,"[np.float32(0.0), np.float32(0.0), np.float32(0.0), np.float32(0.0), np.float32(0.0), np.float32(0.0), np.float32(0.0), np.float32(0.0), np.float32(0.0), np.float32(1.0)]"
8105,0,1.0,"[np.float32(1.0), np.float32(0.0), np.float32(9.12726e-30), np.float32(0.0), np.float32(0.0), np.float32(0.0), np.float32(0.0), np.float32(0.0), np.float32(0.0), np.float32(0.0)]"
2112,1,1.0,"[np.float32(0.0), np.float32(1.0), np.float32(0.0), np.float32(0.0), np.float32(0.0), np.float32(0.0), np.float32(0.0), np.float32(0.0), np.float32(0.0), np.float32(0.0)]"
1768,2,1.0,"[np.float32(9.895408e-33), np.float32(0.0), np.float32(1.0), np.float32(0.0), np.float32(0.0), np.float32(0.0), np.float32(0.0), np.float32(0.0), np.float32(7.487258e-15), np.float32(0.0)]"
4886,3,1.0,"[np.float32(0.0), np.float32(0.0), np.float32(0.0), np.float32(1.0), np.float32(0.0), np.float32(0.0), np.float32(0.0), np.float32(0.0), np.float32(0.0), np.float32(0.0)]"
6822,4,1.0,"[np.float32(0.0), np.float32(0.0), np.float32(0.0), np.float32(0.0), np.float32(1.0), np.float32(0.0), np.float32(0.0), np.float32(0.0), np.float32(0.0), np.float32(0.0)]"
5845,5,1.0,"[np.float32(0.0), np.float32(0.0), np.float32(0.0), np.float32(0.0), np.float32(0.0), np.float32(1.0), np.float32(0.0), np.float32(0.0), np.float32(0.0), np.float32(0.0)]"
9350,6,1.0,"[np.float32(0.0), np.float32(0.0), np.float32(0.0), np.float32(0.0), np.float32(0.0), np.float32(0.0), np.float32(1.0), np.float32(0.0), np.float32(0.0), np.float32(0.0)]"
9286,7,1.0,"[np.float32(0.0), np.float32(0.0), np.float32(0.0), np.float32(0.0), np.float32(0.0), np.float32(0.0), np.float32(0.0), np.float32(1.0), np.float32(0.0), np.float32(0.0)]"
1422,8,1.0,"[np.float32(0.0), np.float32(0.0), np.float32(0.0), np.float32(0.0), np.float32(0.0), np.float32(0.0), np.float32(0.0), np.float32(0.0), np.float32(1.0), np.float32(0.0)]"
3397,9,1.0,"[np.float32(0.0), np.float32(0.0), np.float32(0.0), np.float32(0.0), np.float32(0.0), np.float32(0.0), np.float32(2.37e-43), np.float32(0.0), np.float32(0.0), np.float32(1.0)]"
2913,0,1.0,"[np.float32(1.0), np.float32(0.0), np.float32(0.0), np.float32(0.0), np.float32(0.0), np.float32(0.0), np.float32(0.0), np.float32(0.0), np.float32(0.0), np.float32(0.0)]"
4741,1,1.0,"[np.float32(0.0), np.float32(1.0), np.float32(0.0), np.float32(0.0), np.float32(0.0), np.float32(0.0), np.float32(0.0), np.float32(0.0), np.float32(0.0), np.float32(0.0)]"
7670,2,1.0,"[np.float32(0.0), np.float32(0.0), np.float32(1.0), np.float32(0.0), np.float32(0.0), np.float32(0.0), np.float32(0.0), np.float32(0.0), np.float32(0.0), np.float32(0.0)]"
9950,3,1.0,"[np.float32(0.0), np.float32(0.0), np.float32(0.0), np.float32(1.0), np.float32(0.0), np.float32(0.0), np.float32(0.0), np.float32(0.0), np.float32(0.0), np.float32(0.0)]"
8118,4,1.0,"[np.float32(1.4135685e-33), np.float32(0.0), np.float32(0.0), np.float32(0.0), np.float32(1.0), np.float32(0.0), np.float32(0.0), np.float32(0.0), np.float32(0.0), np.float32(0.0)]"
2317,5,1.0,"[np.float32(0.0), np.float32(0.0), np.float32(0.0), np.float32(0.0), np.float32(0.0), np.float32(1.0), np.float32(0.0), np.float32(0.0), np.float32(0.0), np.float32(0.0)]"
590,6,1.0,"[np.float32(0.0), np.float32(0.0), np.float32(0.0), np.float32(0.0), np.float32(0.0), np.float32(0.0), np.float32(1.0), np.float32(0.0), np.float32(0.0), np.float32(0.0)]"
8360,7,1.0,"[np.float32(0.0), np.float32(0.0), np.float32(0.0), np.float32(0.0), np.float32(0.0), np.float32(0.0), np.float32(0.0), np.float32(1.0), np.float32(0.0), np.float32(0.0)]"
7307,8,1.0,"[np.float32(0.0), np.float32(0.0), np.float32(0.0), np.float32(0.0), np.float32(0.0), np.float32(0.0), np.float32(0.0), np.float32(0.0), np.float32(1.0), np.float32(0.0)]"
9796,9,1.0,"[np.float32(0.0), np.float32(0.0), np.float32(0.0), np.float32(0.0), np.float32(0.0), np.float32(0.0), np.float32(0.0), np.float32(0.0), np.float32(0.0), np.float32(1.0)]"
281,0,1.0,"[np.float32(1.0), np.float32(3.3456957e-10), np.float32(0.0), np.float32(0.0), np.float32(0.0), np.float32(0.0), np.float32(0.0), np.float32(0.0), np.float32(0.0), np.float32(0.0)]"
3544,1,1.0,"[np.float32(0.0), np.float32(1.0), np.float32(0.0), np.float32(0.0), np.float32(0.0), np.float32(0.0), np.float32(0.0), np.float32(0.0), np.float32(0.0), np.float32(0.0)]"
3801,2,1.0,"[np.float32(3.551944e-21), np.float32(0.0), np.float32(1.0), np.float32(0.0), np.float32(0.0), np.float32(0.0), np.float32(0.0), np.float32(0.0), np.float32(0.0), np.float32(0.0)]"
3387,3,1.0,"[np.float32(0.0), np.float32(0.0), np.float32(0.0), np.float32(1.0), np.float32(0.0), np.float32(2.0047406e-15), np.float32(0.0), np.float32(0.0), np.float32(0.0), np.float32(0.0)]"
1255,4,1.0,"[np.float32(0.0), np.float32(0.0), np.float32(0.0), np.float32(0.0), np.float32(1.0), np.float32(0.0), np.float32(0.0), np.float32(0.0), np.float32(0.0), np.float32(0.0)]"
2845,5,1.0,"[np.float32(0.0), np.float32(0.0), np.float32(0.0), np.float32(0.0), np.float32(0.0), np.float32(1.0), np.float32(0.0), np.float32(0.0), np.float32(0.0), np.float32(0.0)]"
777,6,1.0,"[np.float32(0.0), np.float32(0.0), np.float32(0.0), np.float32(0.0), np.float32(0.0), np.float32(0.0), np.float32(1.0), np.float32(0.0), np.float32(0.0), np.float32(0.0)]"
3592,7,1.0,"[np.float32(0.0), np.float32(0.0), np.float32(0.0), np.float32(0.0), np.float32(0.0), np.float32(0.0), np.float32(0.0), np.float32(1.0), np.float32(0.0), np.float32(0.0)]"
7637,8,1.0,"[np.float32(0.0), np.float32(0.0), np.float32(0.0), np.float32(0.0), np.float32(0.0), np.float32(0.0), np.float32(0.0), np.float32(0.0), np.float32(1.0), np.float32(0.0)]"
6971,9,1.0,"[np.float32(0.0), np.float32(0.0), np.float32(0.0), np.float32(0.0), np.float32(0.0), np.float32(0.0), np.float32(0.0), np.float32(0.0), np.float32(0.0), np.float32(1.0)]"
406,0,1.0,"[np.float32(1.0), np.float32(0.0), np.float32(0.0), np.float32(0.0), np.float32(0.0), np.float32(0.0), np.float32(0.0), np.float32(0.0), np.float32(0.0), np.float32(0.0)]"
8107,1,1.0,"[np.float32(0.0), np.float32(1.0), np.float32(0.0), np.float32(0.0), np.float32(0.0), np.float32(0.0), np.float32(0.0), np.float32(0.0), np.float32(0.0), np.float32(0.0)]"
3422,2,1.0,"[np.float32(0.0), np.float32(0.0), np.float32(1.0), np.float32(0.0), np.float32(0.0), np.float32(9.574771e-39), np.float32(0.0), np.float32(1.27525795e-23), np.float32(0.0), np.float32(0.0)]"
6175,3,1.0,"[np.float32(0.0), np.float32(0.0), np.float32(0.0), np.float32(1.0), np.float32(0.0), np.float32(0.0), np.float32(0.0), np.float32(0.0), np.float32(0.0), np.float32(0.0)]"
9129,4,1.0,"[np.float32(0.0), np.float32(0.0), np.float32(0.0), np.float32(0.0), np.float32(1.0), np.float32(0.0), np.float32(0.0), np.float32(4.8724418e-30), np.float32(0.0), np.float32(0.0)]"
3268,5,1.0,"[np.float32(0.0), np.float32(0.0), np.float32(0.0), np.float32(0.0), np.float32(0.0), np.float32(1.0), np.float32(0.0), np.float32(0.0), np.float32(0.0), np.float32(0.0)]"
1204,6,1.0,"[np.float32(0.0), np.float32(0.0), np.float32(0.0), np.float32(0.0), np.float32(0.0), np.float32(0.0), np.float32(1.0), np.float32(0.0), np.float32(0.0), np.float32(0.0)]"
3917,7,1.0,"[np.float32(0.0), np.float32(0.0), np.float32(0.0), np.float32(0.0), np.float32(0.0), np.float32(0.0), np.float32(0.0), np.float32(1.0), np.float32(0.0), np.float32(0.0)]"
9158,8,1.0,"[np.float32(0.0), np.float32(0.0), np.float32(0.0), np.float32(0.0), np.float32(0.0), np.float32(0.0), np.float32(0.0), np.float32(0.0), np.float32(1.0), np.float32(0.0)]"
4218,9,1.0,"[np.float32(0.0), np.float32(0.0), np.float32(0.0), np.float32(0.0), np.float32(0.0), np.float32(0.0), np.float32(0.0), np.float32(0.0), np.float32(0.0), np.float32(1.0)]"
5880,0,1.0,"[np.float32(1.0), np.float32(0.0), np.float32(0.0), np.float32(0.0), np.float32(0.0), np.float32(0.0), np.float32(0.0), np.float32(0.0), np.float32(0.0), np.float32(0.0)]"
2357,1,1.0,"[np.float32(0.0), np.float32(1.0), np.float32(0.0), np.float32(0.0), np.float32(0.0), np.float32(0.0), np.float32(0.0), np.float32(0.0), np.float32(0.0), np.float32(0.0)]"
3989,2,1.0,"[np.float32(0.0), np.float32(0.0), np.float32(1.0), np.float32(0.0), np.float32(0.0), np.float32(0.0), np.float32(0.0), np.float32(0.0), np.float32(0.0), np.float32(0.0)]"
896,3,1.0,"[np.float32(0.0), np.float32(0.0), np.float32(0.0), np.float32(1.0), np.float32(0.0), np.float32(0.0), np.float32(0.0), np.float32(0.0), np.float32(0.0), np.float32(0.0)]"
1443,4,1.0,"[np.float32(0.0), np.float32(0.0), np.float32(0.0), np.float32(0.0), np.float32(1.0), np.float32(0.0), np.float32(0.0), np.float32(0.0), np.float32(0.0), np.float32(0.0)]"
5046,5,1.0,"[np.float32(0.0), np.float32(0.0), np.float32(0.0), np.float32(0.0), np.float32(0.0), np.float32(1.0), np.float32(0.0), np.float32(0.0), np.float32(0.0), np.float32(0.0)]"
8403,6,1.0,"[np.float32(0.0), np.float32(0.0), np.float32(0.0), np.float32(0.0), np.float32(0.0), np.float32(0.0), np.float32(1.0), np.float32(0.0), np.float32(0.0), np.float32(0.0)]"
3470,7,1.0,"[np.float32(0.0), np.float32(0.0), np.float32(0.0), np.float32(0.0), np.float32(0.0), np.float32(0.0), np.float32(0.0), np.float32(1.0), np.float32(0.0), np.float32(0.0)]"
2398,8,1.0,"[np.float32(0.0), np.float32(0.0), np.float32(0.0), np.float32(0.0), np.float32(0.0), np.float32(0.0), np.float32(0.0), np.float32(0.0), np.float32(1.0), np.float32(0.0)]"
1844,9,1.0,"[np.float32(0.0), np.float32(0.0), np.float32(0.0), np.float32(0.0), np.float32(0.0), np.float32(0.0), np.float32(0.0), np.float32(0.0), np.float32(0.0), np.float32(1.0)]"
1719,0,1.0,"[np.float32(1.0), np.float32(0.0), np.float32(0.0), np.float32(0.0), np.float32(0.0), np.float32(0.0), np.float32(0.0), np.float32(0.0), np.float32(0.0), np.float32(0.0)]"
2045,1,1.0,"[np.float32(0.0), np.float32(1.0), np.float32(0.0), np.float32(0.0), np.float32(0.0), np.float32(0.0), np.float32(0.0), np.float32(0.0), np.float32(0.0), np.float32(0.0)]"
8765,2,1.0,"[np.float32(0.0), np.float32(0.0), np.float32(1.0), np.float32(0.0), np.float32(0.0), np.float32(0.0), np.float32(0.0), np.float32(0.0), np.float32(0.0), np.float32(0.0)]"
7736,3,1.0,"[np.float32(0.0), np.float32(0.0), np.float32(0.0), np.float32(1.0), np.float32(0.0), np.float32(1.46311e-40), np.float32(0.0), np.float32(0.0), np.float32(0.0), np.float32(0.0)]"
1609,4,1.0,"[np.float32(0.0), np.float32(0.0), np.float32(0.0), np.float32(0.0), np.float32(1.0), np.float32(0.0), np.float32(0.0), np.float32(0.0), np.float32(0.0), np.float32(0.0)]"
6711,5,1.0,"[np.float32(0.0), np.float32(0.0), np.float32(0.0), np.float32(0.0), np.float32(0.0), np.float32(1.0), np.float32(0.0), np.float32(0.0), np.float32(0.0), np.float32(0.0)]"
8791,6,1.0,"[np.float32(0.0), np.float32(0.0), np.float32(0.0), np.float32(0.0), np.float32(0.0), np.float32(0.0), np.float32(1.0), np.float32(0.0), np.float32(0.0), np.float32(0.0)]"
5299,7,1.0,"[np.float32(0.0), np.float32(0.0), np.float32(0.0), np.float32(0.0), np.float32(0.0), np.float32(0.0), np.float32(0.0), np.float32(1.0), np.float32(0.0), np.float32(0.0)]"
2503,8,1.0,"[np.float32(0.0), np.float32(0.0), np.float32(0.0), np.float32(0.0), np.float32(0.0), np.float32(0.0), np.float32(0.0), np.float32(0.0), np.float32(1.0), np.float32(0.0)]"
7385,9,1.0,"[np.float32(0.0), np.float32(0.0), np.float32(0.0), np.float32(0.0), np.float32(0.0), np.float32(0.0), np.float32(0.0), np.float32(0.0), np.float32(0.0), np.float32(1.0)]"
4548,0,1.0,"[np.float32(1.0), np.float32(0.0), np.float32(2.19053e-26), np.float32(0.0), np.float32(0.0), np.float32(0.0), np.float32(0.0), np.float32(0.0), np.float32(0.0), np.float32(0.0)]"
9042,1,1.0,"[np.float32(0.0), np.float32(1.0), np.float32(0.0), np.float32(0.0), np.float32(0.0), np.float32(0.0), np.float32(0.0), np.float32(0.0), np.float32(0.0), np.float32(0.0)]"
6093,2,1.0,"[np.float32(0.0), np.float32(0.0), np.float32(1.0), np.float32(0.0), np.float32(0.0), np.float32(0.0), np.float32(0.0), np.float32(0.0), np.float32(0.0), np.float32(0.0)]"
3315,3,1.0,"[np.float32(0.0), np.float32(0.0), np.float32(0.0), np.float32(1.0), np.float32(0.0), np.float32(0.0), np.float32(0.0), np.float32(0.0), np.float32(0.0), np.float32(0.0)]"
2805,4,1.0,"[np.float32(0.0), np.float32(0.0), np.float32(0.0), np.float32(0.0), np.float32(1.0), np.float32(0.0), np.float32(0.0), np.float32(0.0), np.float32(0.0), np.float32(0.0)]"
9640,5,1.0,"[np.float32(0.0), np.float32(0.0), np.float32(0.0), np.float32(0.0), np.float32(0.0), np.float32(1.0), np.float32(0.0), np.float32(8.501168e-11), np.float32(0.0), np.float32(0.0)]"
5564,6,1.0,"[np.float32(0.0), np.float32(0.0), np.float32(0.0), np.float32(0.0), np.float32(0.0), np.float32(0.0), np.float32(1.0), np.float32(0.0), np.float32(8.265066e-30), np.float32(0.0)]"
7120,7,1.0,"[np.float32(0.0), np.float32(0.0), np.float32(0.0), np.float32(0.0), np.float32(0.0), np.float32(0.0), np.float32(0.0), np.float32(1.0), np.float32(0.0), np.float32(0.0)]"
124,8,1.0,"[np.float32(0.0), np.float32(0.0), np.float32(0.0), np.float32(0.0), np.float32(0.0), np.float32(0.0), np.float32(0.0), np.float32(0.0), np.float32(1.0), np.float32(0.0)]"
9401,9,1.0,"[np.float32(0.0), np.float32(0.0), np.float32(0.0), np.float32(0.0), np.float32(0.0), np.float32(0.0), np.float32(0.0), np.float32(0.0), np.float32(0.0), np.float32(1.0)]"
3321,0,1.0,"[np.float32(1.0), np.float32(0.0), np.float32(0.0), np.float32(0.0), np.float32(0.0), np.float32(0.0), np.float32(0.0), np.float32(0.0), np.float32(0.0), np.float32(0.0)]"
1583,1,1.0,"[np.float32(0.0), np.float32(1.0), np.float32(0.0), np.float32(0.0), np.float32(0.0), np.float32(0.0), np.float32(0.0), np.float32(0.0), np.float32(0.0), np.float32(0.0)]"
4034,2,1.0,"[np.float32(0.0), np.float32(0.0), np.float32(1.0), np.float32(0.0), np.float32(0.0), np.float32(0.0), np.float32(0.0), np.float32(0.0), np.float32(0.0), np.float32(0.0)]"
470,3,1.0,"[np.float32(0.0), np.float32(0.0), np.float32(0.0), np.float32(1.0), np.float32(3.5642962e-28), np.float32(0.0), np.float32(0.0), np.float32(0.0), np.float32(0.0), np.float32(0.0)]"
4205,4,1.0,"[np.float32(0.0), np.float32(0.0), np.float32(0.0), np.float32(0.0), np.float32(1.0), np.float32(0.0), np.float32(0.0), np.float32(0.0), np.float32(0.0), np.float32(0.0)]"
9394,5,0.9999999,"[np.float32(0.0), np.float32(0.0), np.float32(0.0), np.float32(6.5882006e-08), np.float32(0.0), np.float32(0.9999999), np.float32(0.0), np.float32(0.0), np.float32(0.0), np.float32(0.0)]"
5871,6,1.0,"[np.float32(0.0), np.float32(0.0), np.float32(4.5265963e-25), np.float32(2.1532754e-16), np.float32(0.0), np.float32(0.0), np.float32(1.0), np.float32(0.0), np.float32(0.0), np.float32(0.0)]"
9723,7,1.0,"[np.float32(0.0), np.float32(0.0), np.float32(0.0), np.float32(0.0), np.float32(0.0), np.float32(0.0), np.float32(0.0), np.float32(1.0), np.float32(0.0), np.float32(0.0)]"
4787,8,1.0,"[np.float32(0.0), np.float32(0.0), np.float32(0.0), np.float32(0.0), np.float32(0.0), np.float32(0.0), np.float32(0.0), np.float32(0.0), np.float32(1.0), np.float32(0.0)]"
5720,9,1.0,"[np.float32(0.0), np.float32(0.0), np.float32(0.0), np.float32(0.0), np.float32(0.0), np.float32(0.0), np.float32(0.0), np.float32(0.0), np.float32(0.0), np.float32(1.0)]"
4167,0,1.0,"[np.float32(1.0), np.float32(0.0), np.float32(0.0), np.float32(0.0), np.float32(0.0), np.float32(0.0), np.float32(0.0), np.float32(0.0), np.float32(0.0), np.float32(0.0)]"
6172,1,1.0,"[np.float32(0.0), np.float32(1.0), np.float32(0.0), np.float32(0.0), np.float32(0.0), np.float32(0.0), np.float32(0.0), np.float32(0.0), np.float32(0.0), np.float32(0.0)]"
8095,2,1.0,"[np.float32(0.0), np.float32(0.0), np.float32(1.0), np.float32(0.0), np.float32(0.0), np.float32(0.0), np.float32(0.0), np.float32(0.0), np.float32(0.0), np.float32(0.0)]"
1180,3,1.0,"[np.float32(0.0), np.float32(0.0), np.float32(0.0), np.float32(1.0), np.float32(0.0), np.float32(0.0), np.float32(0.0), np.float32(0.0), np.float32(0.0), np.float32(0.0)]"
7095,4,1.0,"[np.float32(0.0), np.float32(0.0), np.float32(0.0), np.float32(0.0), np.float32(1.0), np.float32(0.0), np.float32(0.0), np.float32(0.0), np.float32(0.0), np.float32(0.0)]"
2472,5,1.0,"[np.float32(0.0), np.float32(0.0), np.float32(0.0), np.float32(0.0), np.float32(0.0), np.float32(1.0), np.float32(0.0), np.float32(0.0), np.float32(0.0), np.float32(0.0)]"
4119,6,1.0,"[np.float32(0.0), np.float32(0.0), np.float32(0.0), np.float32(0.0), np.float32(0.0), np.float32(0.0), np.float32(1.0), np.float32(0.0), np.float32(0.0), np.float32(0.0)]"
8629,7,1.0,"[np.float32(0.0), np.float32(0.0), np.float32(0.0), np.float32(0.0), np.float32(0.0), np.float32(0.0), np.float32(0.0), np.float32(1.0), np.float32(0.0), np.float32(0.0)]"
7088,8,1.0,"[np.float32(0.0), np.float32(0.0), np.float32(0.0), np.float32(0.0), np.float32(0.0), np.float32(0.0), np.float32(0.0), np.float32(0.0), np.float32(1.0), np.float32(0.0)]"
4796,9,1.0,"[np.float32(0.0), np.float32(0.0), np.float32(0.0), np.float32(0.0), np.float32(0.0), np.float32(0.0), np.float32(0.0), np.float32(0.0), np.float32(0.0), np.float32(1.0)]"
4809,0,1.0,"[np.float32(1.0), np.float32(0.0), np.float32(0.0), np.float32(0.0), np.float32(0.0), np.float32(0.0), np.float32(0.0), np.float32(0.0), np.float32(0.0), np.float32(0.0)]"
4895,1,1.0,"[np.float32(0.0), np.float32(1.0), np.float32(0.0), np.float32(0.0), np.float32(0.0), np.float32(0.0), np.float32(0.0), np.float32(0.0), np.float32(0.0), np.float32(0.0)]"
1942,2,1.0,"[np.float32(0.0), np.float32(0.0), np.float32(1.0), np.float32(0.0), np.float32(0.0), np.float32(0.0), np.float32(0.0), np.float32(0.0), np.float32(0.0), np.float32(0.0)]"
7839,3,1.0,"[np.float32(0.0), np.float32(0.0), np.float32(0.0), np.float32(1.0), np.float32(1.0679065e-08), np.float32(0.0), np.float32(8.4937e-41), np.float32(0.0), np.float32(0.0), np.float32(0.0)]"
3054,4,1.0,"[np.float32(0.0), np.float32(0.0), np.float32(0.0), np.float32(0.0), np.float32(1.0), np.float32(0.0), np.float32(0.0), np.float32(0.0), np.float32(0.0), np.float32(0.0)]"
6120,5,1.0,"[np.float32(0.0), np.float32(0.0), np.float32(0.0), np.float32(0.0), np.float32(0.0), np.float32(1.0), np.float32(0.0), np.float32(0.0), np.float32(0.0), np.float32(0.0)]"
3933,6,1.0,"[np.float32(0.0), np.float32(0.0), np.float32(0.0), np.float32(0.0), np.float32(0.0), np.float32(0.0), np.float32(1.0), np.float32(0.0), np.float32(0.0), np.float32(0.0)]"
8628,7,0.926889,"[np.float32(0.0), np.float32(0.0), np.float32(0.0), np.float32(0.07311093), np.float32(0.0), np.float32(5.9668853e-26), np.float32(0.0), np.float32(0.926889), np.float32(0.0), np.float32(0.0)]"
3021,8,1.0,"[np.float32(0.0), np.float32(0.0), np.float32(0.0), np.float32(0.0), np.float32(0.0), np.float32(0.0), np.float32(0.0), np.float32(0.0), np.float32(1.0), np.float32(0.0)]"
2517,9,1.0,"[np.float32(0.0), np.float32(1e-44), np.float32(0.0), np.float32(0.0), np.float32(0.0), np.float32(0.0), np.float32(0.0), np.float32(0.0), np.float32(0.0), np.float32(1.0)]"
5951,0,1.0,"[np.float32(1.0), np.float32(0.0), np.float32(0.0), np.float32(0.0), np.float32(0.0), np.float32(0.0), np.float32(0.0), np.float32(0.0), np.float32(0.0), np.float32(0.0)]"
8910,1,1.0,"[np.float32(0.0), np.float32(1.0), np.float32(0.0), np.float32(0.0), np.float32(0.0), np.float32(0.0), np.float32(0.0), np.float32(0.0), np.float32(0.0), np.float32(0.0)]"
219,2,1.0,"[np.float32(0.0), np.float32(0.0), np.float32(1.0), np.float32(0.0), np.float32(0.0), np.float32(0.0), np.float32(0.0), np.float32(0.0), np.float32(0.0), np.float32(0.0)]"
4687,3,1.0,"[np.float32(0.0), np.float32(0.0), np.float32(0.0), np.float32(1.0), np.float32(0.0), np.float32(0.0), np.float32(0.0), np.float32(0.0), np.float32(0.0), np.float32(0.0)]"
9377,4,1.0,"[np.float32(0.0), np.float32(0.0), np.float32(0.0), np.float32(0.0), np.float32(1.0), np.float32(0.0), np.float32(0.0), np.float32(0.0), np.float32(0.0), np.float32(0.0)]"
8973,5,1.0,"[np.float32(0.0), np.float32(0.0), np.float32(0.0), np.float32(1.6668841e-37), np.float32(0.0), np.float32(1.0), np.float32(0.0), np.float32(0.0), np.float32(0.0), np.float32(0.0)]"
3214,6,1.0,"[np.float32(0.0), np.float32(0.0), np.float32(0.0), np.float32(1.0820761e-35), np.float32(0.0), np.float32(0.0), np.float32(1.0), np.float32(0.0), np.float32(0.0), np.float32(0.0)]"
3093,7,1.0,"[np.float32(0.0), np.float32(0.0), np.float32(0.0), np.float32(0.0), np.float32(0.0), np.float32(0.0), np.float32(0.0), np.float32(1.0), np.float32(0.0), np.float32(0.0)]"
1419,8,1.0,"[np.float32(0.0), np.float32(0.0), np.float32(0.0), np.float32(0.0), np.float32(0.0), np.float32(0.0), np.float32(0.0), np.float32(0.0), np.float32(1.0), np.float32(0.0)]"
8413,9,1.0,"[np.float32(0.0), np.float32(0.0), np.float32(0.0), np.float32(0.0), np.float32(0.0), np.float32(0.0), np.float32(0.0), np.float32(0.0), np.float32(0.0), np.float32(1.0)]"
5437,0,1.0,"[np.float32(1.0), np.float32(0.0), np.float32(0.0), np.float32(0.0), np.float32(0.0), np.float32(0.0), np.float32(0.0), np.float32(0.0), np.float32(0.0), np.float32(0.0)]"
622,1,1.0,"[np.float32(0.0), np.float32(1.0), np.float32(0.0), np.float32(0.0), np.float32(0.0), np.float32(0.0), np.float32(0.0), np.float32(0.0), np.float32(0.0), np.float32(0.0)]"
7911,2,1.0,"[np.float32(0.0), np.float32(0.0), np.float32(1.0), np.float32(0.0), np.float32(0.0), np.float32(0.0), np.float32(0.0), np.float32(0.0), np.float32(0.0), np.float32(0.0)]"
6293,3,1.0,"[np.float32(0.0), np.float32(0.0), np.float32(0.0), np.float32(1.0), np.float32(0.0), np.float32(0.0), np.float32(0.0), np.float32(0.0), np.float32(0.0), np.float32(0.0)]"
9152,4,1.0,"[np.float32(0.0), np.float32(0.0), np.float32(0.0), np.float32(0.0), np.float32(1.0), np.float32(0.0), np.float32(0.0), np.float32(0.0), np.float32(0.0), np.float32(0.0)]"
9041,5,1.0,"[np.float32(0.0), np.float32(0.0), np.float32(0.0), np.float32(6.77395e-18), np.float32(0.0), np.float32(1.0), np.float32(0.0), np.float32(0.0), np.float32(0.0), np.float32(0.0)]"
3310,6,1.0,"[np.float32(0.0), np.float32(0.0), np.float32(0.0), np.float32(0.0), np.float32(0.0), np.float32(0.0), np.float32(1.0), np.float32(0.0), np.float32(0.0), np.float32(0.0)]"
867,7,1.0,"[np.float32(0.0), np.float32(0.0), np.float32(0.0), np.float32(0.0), np.float32(0.0), np.float32(0.0), np.float32(0.0), np.float32(1.0), np.float32(0.0), np.float32(0.0)]"
6716,8,1.0,"[np.float32(0.0), np.float32(0.0), np.float32(0.0), np.float32(0.0), np.float32(0.0), np.float32(0.0), np.float32(0.0), np.float32(0.0), np.float32(1.0), np.float32(0.0)]"
7382,9,1.0,"[np.float32(0.0), np.float32(0.0), np.float32(0.0), np.float32(0.0), np.float32(0.0), np.float32(0.0), np.float32(0.0), np.float32(0.0), np.float32(0.0), np.float32(1.0)]"
814,0,1.0,"[np.float32(1.0), np.float32(0.0), np.float32(0.0), np.float32(0.0), np.float32(0.0), np.float32(0.0), np.float32(0.0), np.float32(0.0), np.float32(0.0), np.float32(0.0)]"
3642,1,1.0,"[np.float32(0.0), np.float32(1.0), np.float32(0.0), np.float32(0.0), np.float32(0.0), np.float32(0.0), np.float32(0.0), np.float32(0.0), np.float32(0.0), np.float32(0.0)]"
3852,2,1.0,"[np.float32(0.0), np.float32(0.0), np.float32(1.0), np.float32(0.0), np.float32(0.0), np.float32(0.0), np.float32(0.0), np.float32(0.0), np.float32(0.0), np.float32(0.0)]"
8059,3,1.0,"[np.float32(0.0), np.float32(0.0), np.float32(0.0), np.float32(1.0), np.float32(0.0), np.float32(0.0), np.float32(0.0), np.float32(0.0), np.float32(0.0), np.float32(0.0)]"
3967,4,1.0,"[np.float32(0.0), np.float32(0.0), np.float32(0.0), np.float32(0.0), np.float32(1.0), np.float32(0.0), np.float32(0.0), np.float32(0.0), np.float32(0.0), np.float32(0.0)]"
4887,5,0.64352536,"[np.float32(0.0), np.float32(0.0), np.float32(0.0), np.float32(0.35647467), np.float32(0.0), np.float32(0.64352536), np.float32(0.0), np.float32(0.0), np.float32(0.0), np.float32(0.0)]"
6288,6,1.0,"[np.float32(0.0), np.float32(0.0), np.float32(0.0), np.float32(0.0), np.float32(0.0), np.float32(0.0), np.float32(1.0), np.float32(0.0), np.float32(0.0), np.float32(0.0)]"
6149,7,1.0,"[np.float32(0.0), np.float32(0.0), np.float32(0.0), np.float32(0.0), np.float32(0.0), np.float32(0.0), np.float32(0.0), np.float32(1.0), np.float32(0.0), np.float32(0.0)]"
6779,8,1.0,"[np.float32(0.0), np.float32(0.0), np.float32(0.0), np.float32(0.0), np.float32(0.0), np.float32(0.0), np.float32(0.0), np.float32(0.0), np.float32(1.0), np.float32(0.0)]"
9470,9,1.0,"[np.float32(0.0), np.float32(0.0), np.float32(0.0), np.float32(0.0), np.float32(0.0), np.float32(0.0), np.float32(0.0), np.float32(0.0), np.float32(0.0), np.float32(1.0)]"
7289,0,1.0,"[np.float32(1.0), np.float32(0.0), np.float32(0.0), np.float32(0.0), np.float32(0.0), np.float32(0.0), np.float32(0.0), np.float32(0.0), np.float32(0.0), np.float32(0.0)]"
3987,1,1.0,"[np.float32(0.0), np.float32(1.0), np.float32(0.0), np.float32(0.0), np.float32(0.0), np.float32(0.0), np.float32(0.0), np.float32(0.0), np.float32(0.0), np.float32(0.0)]"
8845,2,1.0,"[np.float32(0.0), np.float32(0.0), np.float32(1.0), np.float32(0.0), np.float32(0.0), np.float32(0.0), np.float32(0.0), np.float32(0.0), np.float32(0.0), np.float32(0.0)]"
2598,3,1.0,"[np.float32(0.0), np.float32(0.0), np.float32(0.0), np.float32(1.0), np.float32(0.0), np.float32(0.0), np.float32(2.9761652e-18), np.float32(0.0), np.float32(0.0), np.float32(0.0)]"
4173,4,1.0,"[np.float32(0.0), np.float32(0.0), np.float32(0.0), np.float32(0.0), np.float32(1.0), np.float32(0.0), np.float32(0.0), np.float32(0.0), np.float32(0.0), np.float32(0.0)]"
7330,5,1.0,"[np.float32(0.0), np.float32(0.0), np.float32(0.0), np.float32(4.8125156e-16), np.float32(0.0), np.float32(1.0), np.float32(0.0), np.float32(0.0), np.float32(0.0), np.float32(0.0)]"
6586,6,1.0,"[np.float32(0.0), np.float32(0.0), np.float32(0.0), np.float32(0.0), np.float32(0.0), np.float32(0.0), np.float32(1.0), np.float32(0.0), np.float32(0.0), np.float32(0.0)]"
7703,7,1.0,"[np.float32(0.0), np.float32(0.0), np.float32(0.0), np.float32(0.0), np.float32(0.0), np.float32(0.0), np.float32(0.0), np.float32(1.0), np.float32(0.0), np.float32(0.0)]"
8246,8,1.0,"[np.float32(0.0), np.float32(0.0), np.float32(0.0), np.float32(0.0), np.float32(0.0), np.float32(0.0), np.float32(0.0), np.float32(0.0), np.float32(1.0), np.float32(0.0)]"
3800,9,1.0,"[np.float32(0.0), np.float32(0.0), np.float32(0.0), np.float32(0.0), np.float32(0.0), np.float32(0.0), np.float32(0.0), np.float32(0.0), np.float32(0.0), np.float32(1.0)]"
3650,0,1.0,"[np.float32(1.0), np.float32(0.0), np.float32(0.0), np.float32(0.0), np.float32(0.0), np.float32(0.0), np.float32(0.0), np.float32(0.0), np.float32(0.0), np.float32(0.0)]"
8449,1,1.0,"[np.float32(0.0), np.float32(1.0), np.float32(0.0), np.float32(0.0), np.float32(0.0), np.float32(0.0), np.float32(0.0), np.float32(0.0), np.float32(0.0), np.float32(0.0)]"
9525,2,1.0,"[np.float32(0.0), np.float32(0.0), np.float32(1.0), np.float32(0.0), np.float32(0.0), np.float32(0.0), np.float32(0.0), np.float32(0.0), np.float32(0.0), np.float32(0.0)]"
8700,3,1.0,"[np.float32(0.0), np.float32(0.0), np.float32(0.0), np.float32(1.0), np.float32(0.0), np.float32(3.7729334e-10), np.float32(0.0), np.float32(0.0), np.float32(0.0), np.float32(0.0)]"
2638,4,1.0,"[np.float32(0.0), np.float32(0.0), np.float32(0.0), np.float32(0.0), np.float32(1.0), np.float32(0.0), np.float32(0.0), np.float32(0.0), np.float32(0.0), np.float32(0.0)]"
8752,5,0.99999654,"[np.float32(0.0), np.float32(0.0), np.float32(0.0), np.float32(3.4731866e-06), np.float32(0.0), np.float32(0.99999654), np.float32(0.0), np.float32(0.0), np.float32(0.0), np.float32(0.0)]"
9621,6,1.0,"[np.float32(0.0), np.float32(0.0), np.float32(0.0), np.float32(0.0), np.float32(0.0), np.float32(0.0), np.float32(1.0), np.float32(0.0), np.float32(0.0), np.float32(0.0)]"
9140,7,1.0,"[np.float32(0.0), np.float32(0.0), np.float32(0.0), np.float32(0.0), np.float32(0.0), np.float32(0.0), np.float32(0.0), np.float32(1.0), np.float32(0.0), np.float32(0.0)]"
6402,8,1.0,"[np.float32(0.0), np.float32(0.0), np.float32(0.0), np.float32(0.0), np.float32(0.0), np.float32(0.0), np.float32(0.0), np.float32(0.0), np.float32(1.0), np.float32(0.0)]"
5801,9,1.0,"[np.float32(0.0), np.float32(0.0), np.float32(0.0), np.float32(0.0), np.float32(0.0), np.float32(0.0), np.float32(0.0), np.float32(0.0), np.float32(0.0), np.float32(1.0)]"
1103,0,1.0,"[np.float32(1.0), np.float32(0.0), np.float32(0.0), np.float32(0.0), np.float32(0.0), np.float32(0.0), np.float32(0.0), np.float32(0.0), np.float32(0.0), np.float32(0.0)]"
6714,1,1.0,"[np.float32(0.0), np.float32(1.0), np.float32(0.0), np.float32(0.0), np.float32(0.0), np.float32(0.0), np.float32(0.0), np.float32(0.0), np.float32(0.0), np.float32(0.0)]"
67,2,1.0,"[np.float32(0.0), np.float32(0.0), np.float32(1.0), np.float32(0.0), np.float32(0.0), np.float32(0.0), np.float32(0.0), np.float32(0.0), np.float32(0.0), np.float32(0.0)]"
8557,3,1.0,"[np.float32(0.0), np.float32(0.0), np.float32(0.0), np.float32(1.0), np.float32(0.0), np.float32(0.0), np.float32(0.0), np.float32(0.0), np.float32(0.0), np.float32(0.0)]"
6849,4,1.0,"[np.float32(0.0), np.float32(0.0), np.float32(0.0), np.float32(0.0), np.float32(1.0), np.float32(0.0), np.float32(0.0), np.float32(1.5350659e-23), np.float32(0.0), np.float32(0.0)]"
7720,5,1.0,"[np.float32(0.0), np.float32(0.0), np.float32(0.0), np.float32(0.0), np.float32(0.0), np.float32(1.0), np.float32(0.0), np.float32(0.0), np.float32(0.0), np.float32(0.0)]"
512,6,1.0,"[np.float32(0.0), np.float32(0.0), np.float32(0.0), np.float32(0.0), np.float32(0.0), np.float32(0.0), np.float32(1.0), np.float32(0.0), np.float32(0.0), np.float32(0.0)]"
5209,7,1.0,"[np.float32(0.0), np.float32(0.0), np.float32(0.0), np.float32(0.0), np.float32(0.0), np.float32(0.0), np.float32(0.0), np.float32(1.0), np.float32(0.0), np.float32(0.0)]"
4692,8,1.0,"[np.float32(0.0), np.float32(0.0), np.float32(0.0), np.float32(0.0), np.float32(0.0), np.float32(0.0), np.float32(0.0), np.float32(0.0), np.float32(1.0), np.float32(0.0)]"
8805,9,1.0,"[np.float32(0.0), np.float32(0.0), np.float32(0.0), np.float32(0.0), np.float32(0.0), np.float32(0.0), np.float32(0.0), np.float32(0.0), np.float32(0.0), np.float32(1.0)]"
1322,0,1.0,"[np.float32(1.0), np.float32(0.0), np.float32(0.0), np.float32(0.0), np.float32(0.0), np.float32(0.0), np.float32(0.0), np.float32(0.0), np.float32(0.0), np.float32(0.0)]"
9906,1,1.0,"[np.float32(0.0), np.float32(1.0), np.float32(0.0), np.float32(0.0), np.float32(0.0), np.float32(0.0), np.float32(0.0), np.float32(0.0), np.float32(0.0), np.float32(0.0)]"
846,2,1.0,"[np.float32(0.0), np.float32(0.0), np.float32(1.0), np.float32(0.0), np.float32(5.168065e-22), np.float32(0.0), np.float32(0.0), np.float32(0.0), np.float32(0.0), np.float32(0.0)]"
8251,3,1.0,"[np.float32(0.0), np.float32(0.0), np.float32(0.0), np.float32(1.0), np.float32(0.0), np.float32(0.0), np.float32(0.0), np.float32(0.0), np.float32(0.0), np.float32(0.0)]"
7740,4,1.0,"[np.float32(0.0), np.float32(0.0), np.float32(0.0), np.float32(0.0), np.float32(1.0), np.float32(0.0), np.float32(0.0), np.float32(0.0), np.float32(0.0), np.float32(0.0)]"
9922,5,1.0,"[np.float32(0.0), np.float32(0.0), np.float32(0.0), np.float32(1.4373053e-30), np.float32(0.0), np.float32(1.0), np.float32(0.0), np.float32(0.0), np.float32(0.0), np.float32(0.0)]"
5286,6,1.0,"[np.float32(0.0), np.float32(0.0), np.float32(0.0), np.float32(0.0), np.float32(0.0), np.float32(0.0), np.float32(1.0), np.float32(0.0), np.float32(0.0), np.float32(0.0)]"
8865,7,1.0,"[np.float32(0.0), np.float32(0.0), np.float32(0.0), np.float32(0.0), np.float32(0.0), np.float32(0.0), np.float32(0.0), np.float32(1.0), np.float32(0.0), np.float32(0.0)]"
789,8,1.0,"[np.float32(0.0), np.float32(0.0), np.float32(0.0), np.float32(0.0), np.float32(0.0), np.float32(0.0), np.float32(0.0), np.float32(0.0), np.float32(1.0), np.float32(0.0)]"
1155,9,1.0,"[np.float32(0.0), np.float32(0.0), np.float32(0.0), np.float32(0.0), np.float32(0.0), np.float32(0.0), np.float32(0.0), np.float32(0.0), np.float32(9.657733e-27), np.float32(1.0)]"
3955,0,1.0,"[np.float32(1.0), np.float32(0.0), np.float32(0.0), np.float32(0.0), np.float32(0.0), np.float32(0.0), np.float32(0.0), np.float32(0.0), np.float32(0.0), np.float32(0.0)]"
604,1,1.0,"[np.float32(0.0), np.float32(1.0), np.float32(0.0), np.float32(0.0), np.float32(0.0), np.float32(0.0), np.float32(0.0), np.float32(0.0), np.float32(0.0), np.float32(0.0)]"
2315,2,1.0,"[np.float32(0.0), np.float32(0.0), np.float32(1.0), np.float32(0.0), np.float32(0.0), np.float32(0.0), np.float32(0.0), np.float32(0.0), np.float32(0.0), np.float32(0.0)]"
4520,3,1.0,"[np.float32(0.0), np.float32(0.0), np.float32(0.0), np.float32(1.0), np.float32(0.0), np.float32(0.0), np.float32(0.0), np.float32(0.0), np.float32(0.0), np.float32(0.0)]"
6190,4,1.0,"[np.float32(0.0), np.float32(0.0), np.float32(0.0), np.float32(0.0), np.float32(1.0), np.float32(0.0), np.float32(0.0), np.float32(0.0), np.float32(0.0), np.float32(0.0)]"
7834,5,1.0,"[np.float32(0.0), np.float32(0.0), np.float32(0.0), np.float32(0.0), np.float32(0.0), np.float32(1.0), np.float32(0.0), np.float32(0.0), np.float32(0.0), np.float32(0.0)]"
2416,6,1.0,"[np.float32(0.0), np.float32(0.0), np.float32(0.0), np.float32(0.0), np.float32(0.0), np.float32(0.0), np.float32(1.0), np.float32(0.0), np.float32(0.0), np.float32(0.0)]"
1169,7,1.0,"[np.float32(0.0), np.float32(0.0), np.float32(0.0), np.float32(0.0), np.float32(0.0), np.float32(0.0), np.float32(0.0), np.float32(1.0), np.float32(0.0), np.float32(0.0)]"
6810,8,1.0,"[np.float32(0.0), np.float32(0.0), np.float32(0.0), np.float32(0.0), np.float32(0.0), np.float32(0.0), np.float32(0.0), np.float32(0.0), np.float32(1.0), np.float32(0.0)]"
5950,9,1.0,"[np.float32(0.0), np.float32(0.0), np.float32(0.0), np.float32(0.0), np.float32(0.0), np.float32(0.0), np.float32(0.0), np.float32(0.0), np.float32(0.0), np.float32(1.0)]"
5293,0,1.0,"[np.float32(1.0), np.float32(0.0), np.float32(0.0), np.float32(0.0), np.float32(0.0), np.float32(0.0), np.float32(0.0), np.float32(0.0), np.float32(0.0), np.float32(0.0)]"
6194,1,1.0,"[np.float32(2.2680218e-09), np.float32(1.0), np.float32(0.0), np.float32(5.2277635e-16), np.float32(0.0), np.float32(0.0), np.float32(0.0), np.float32(0.0), np.float32(0.0), np.float32(0.0)]"
4221,2,1.0,"[np.float32(0.0), np.float32(0.0), np.float32(1.0), np.float32(0.0), np.float32(0.0), np.float32(0.0), np.float32(0.0), np.float32(0.0), np.float32(0.0), np.float32(0.0)]"
7962,3,1.0,"[np.float32(0.0), np.float32(0.0), np.float32(0.0), np.float32(1.0), np.float32(0.0), np.float32(1.3665077e-10), np.float32(0.0), np.float32(0.0), np.float32(0.0), np.float32(0.0)]"
8887,4,1.0,"[np.float32(0.0), np.float32(0.0), np.float32(0.0), np.float32(0.0), np.float32(1.0), np.float32(0.0), np.float32(0.0), np.float32(0.0), np.float32(0.0), np.float32(0.0)]"
6528,5,1.0,"[np.float32(0.0), np.float32(0.0), np.float32(0.0), np.float32(1.29191e-24), np.float32(0.0), np.float32(1.0), np.float32(0.0), np.float32(0.0), np.float32(0.0), np.float32(0.0)]"
4130,6,1.0,"[np.float32(0.0), np.float32(0.0), np.float32(0.0), np.float32(0.0), np.float32(0.0), np.float32(0.0), np.float32(1.0), np.float32(0.0), np.float32(0.0), np.float32(0.0)]"
8560,7,1.0,"[np.float32(0.0), np.float32(0.0), np.float32(0.0), np.float32(0.0), np.float32(0.0), np.float32(0.0), np.float32(0.0), np.float32(1.0), np.float32(0.0), np.float32(0.0)]"
8329,8,1.0,"[np.float32(0.0), np.float32(0.0), np.float32(0.0), np.float32(0.0), np.float32(0.0), np.float32(0.0), np.float32(0.0), np.float32(0.0), np.float32(1.0), np.float32(0.0)]"
3145,9,1.0,"[np.float32(0.0), np.float32(0.0), np.float32(0.0), np.float32(0.0), np.float32(0.0), np.float32(0.0), np.float32(0.0), np.float32(0.0), np.float32(0.0), np.float32(1.0)]"
7607,0,1.0,"[np.float32(1.0), np.float32(0.0), np.float32(0.0), np.float32(0.0), np.float32(0.0), np.float32(0.0), np.float32(0.0), np.float32(0.0), np.float32(0.0), np.float32(0.0)]"
4532,1,1.0,"[np.float32(0.0), np.float32(1.0), np.float32(0.0), np.float32(0.0), np.float32(0.0), np.float32(0.0), np.float32(0.0), np.float32(0.0), np.float32(0.0), np.float32(0.0)]"
4546,2,1.0,"[np.float32(0.0), np.float32(0.0), np.float32(1.0), np.float32(0.0), np.float32(0.0), np.float32(0.0), np.float32(0.0), np.float32(0.0), np.float32(0.0), np.float32(0.0)]"
8952,3,1.0,"[np.float32(0.0), np.float32(0.0), np.float32(0.0), np.float32(1.0), np.float32(0.0), np.float32(0.0), np.float32(5.9893863e-31), np.float32(0.0), np.float32(0.0), np.float32(0.0)]"
4200,4,1.0,"[np.float32(0.0), np.float32(0.0), np.float32(0.0), np.float32(0.0), np.float32(1.0), np.float32(0.0), np.float32(0.0), np.float32(0.0), np.float32(0.0), np.float32(0.0)]"
1773,5,1.0,"[np.float32(0.0), np.float32(0.0), np.float32(0.0), np.float32(0.0), np.float32(0.0), np.float32(1.0), np.float32(0.0), np.float32(0.0), np.float32(0.0), np.float32(0.0)]"
653,6,1.0,"[np.float32(0.0), np.float32(0.0), np.float32(0.0), np.float32(0.0), np.float32(0.0), np.float32(0.0), np.float32(1.0), np.float32(0.0), np.float32(0.0), np.float32(0.0)]"
8394,7,1.0,"[np.float32(0.0), np.float32(0.0), np.float32(0.0), np.float32(0.0), np.float32(0.0), np.float32(7.2387987e-35), np.float32(0.0), np.float32(1.0), np.float32(0.0), np.float32(0.0)]"
4881,8,1.0,"[np.float32(0.0), np.float32(0.0), np.float32(0.0), np.float32(0.0), np.float32(0.0), np.float32(0.0), np.float32(0.0), np.float32(0.0), np.float32(1.0), np.float32(0.0)]"
2158,9,1.0,"[np.float32(0.0), np.float32(0.0), np.float32(0.0), np.float32(0.0), np.float32(0.0), np.float32(0.0), np.float32(0.0), np.float32(0.0), np.float32(0.0), np.float32(1.0)]"
9256,0,1.0,"[np.float32(1.0), np.float32(0.0), np.float32(0.0), np.float32(0.0), np.float32(0.0), np.float32(0.0), np.float32(0.0), np.float32(0.0), np.float32(0.0), np.float32(0.0)]"
9588,1,1.0,"[np.float32(0.0), np.float32(1.0), np.float32(0.0), np.float32(0.0), np.float32(0.0), np.float32(0.0), np.float32(0.0), np.float32(0.0), np.float32(0.0), np.float32(0.0)]"
6230,2,1.0,"[np.float32(0.0), np.float32(0.0), np.float32(1.0), np.float32(0.0), np.float32(0.0), np.float32(0.0), np.float32(0.0), np.float32(0.0), np.float32(0.0), np.float32(0.0)]"
7644,3,1.0,"[np.float32(0.0), np.float32(0.0), np.float32(0.0), np.float32(1.0), np.float32(0.0), np.float32(0.0), np.float32(0.0), np.float32(0.0), np.float32(0.0), np.float32(0.0)]"
6204,4,1.0,"[np.float32(0.0), np.float32(0.0), np.float32(0.0), np.float32(0.0), np.float32(1.0), np.float32(0.0), np.float32(0.0), np.float32(0.0), np.float32(0.0), np.float32(0.0)]"
9155,5,1.0,"[np.float32(0.0), np.float32(0.0), np.float32(0.0), np.float32(0.0), np.float32(0.0), np.float32(1.0), np.float32(0.0), np.float32(0.0), np.float32(0.0), np.float32(0.0)]"
341,6,1.0,"[np.float32(0.0), np.float32(0.0), np.float32(0.0), np.float32(0.0), np.float32(0.0), np.float32(0.0), np.float32(1.0), np.float32(0.0), np.float32(0.0), np.float32(0.0)]"
7784,7,1.0,"[np.float32(0.0), np.float32(0.0), np.float32(0.0), np.float32(0.0), np.float32(7.1e-44), np.float32(0.0), np.float32(0.0), np.float32(1.0), np.float32(0.0), np.float32(0.0)]"
1213,8,1.0,"[np.float32(0.0), np.float32(0.0), np.float32(0.0), np.float32(0.0), np.float32(0.0), np.float32(0.0), np.float32(0.0), np.float32(0.0), np.float32(1.0), np.float32(0.0)]"
2184,9,1.0,"[np.float32(0.0), np.float32(0.0), np.float32(0.0), np.float32(0.0), np.float32(0.0), np.float32(0.0), np.float32(0.0), np.float32(0.0), np.float32(0.0), np.float32(1.0)]"
111,0,1.0,"[np.float32(1.0), np.float32(0.0), np.float32(0.0), np.float32(0.0), np.float32(0.0), np.float32(0.0), np.float32(0.0), np.float32(0.0), np.float32(0.0), np.float32(0.0)]"
6086,1,1.0,"[np.float32(0.0), np.float32(1.0), np.float32(0.0), np.float32(0.0), np.float32(0.0), np.float32(0.0), np.float32(0.0), np.float32(0.0), np.float32(0.0), np.float32(0.0)]"
7321,2,1.0,"[np.float32(0.0), np.float32(0.0), np.float32(1.0), np.float32(0.0), np.float32(0.0), np.float32(0.0), np.float32(0.0), np.float32(0.0), np.float32(0.0), np.float32(0.0)]"
7221,3,1.0,"[np.float32(0.0), np.float32(0.0), np.float32(0.0), np.float32(1.0), np.float32(0.0), np.float32(0.0), np.float32(0.0), np.float32(0.0), np.float32(0.0), np.float32(0.0)]"
983,4,1.0,"[np.float32(0.0), np.float32(0.0), np.float32(0.0), np.float32(0.0), np.float32(1.0), np.float32(0.0), np.float32(0.0), np.float32(0.0), np.float32(0.0), np.float32(0.0)]"
7111,5,1.0,"[np.float32(0.0), np.float32(0.0), np.float32(0.0), np.float32(0.0), np.float32(0.0), np.float32(1.0), np.float32(0.0), np.float32(0.0), np.float32(0.0), np.float32(0.0)]"
7500,6,1.0,"[np.float32(0.0), np.float32(0.0), np.float32(0.0), np.float32(0.0), np.float32(0.0), np.float32(0.0), np.float32(1.0), np.float32(0.0), np.float32(0.0), np.float32(0.0)]"
4158,7,1.0,"[np.float32(0.0), np.float32(0.0), np.float32(0.0), np.float32(0.0), np.float32(0.0), np.float32(0.0), np.float32(0.0), np.float32(1.0), np.float32(0.0), np.float32(0.0)]"
1430,8,1.0,"[np.float32(0.0), np.float32(0.0), np.float32(0.0), np.float32(0.0), np.float32(0.0), np.float32(0.0), np.float32(0.0), np.float32(0.0), np.float32(1.0), np.float32(0.0)]"
7786,9,1.0,"[np.float32(0.0), np.float32(0.0), np.float32(0.0), np.float32(0.0), np.float32(0.0), np.float32(0.0), np.float32(0.0), np.float32(0.0), np.float32(0.0), np.float32(1.0)]"
9991,0,1.0,"[np.float32(1.0), np.float32(0.0), np.float32(0.0), np.float32(0.0), np.float32(0.0), np.float32(0.0), np.float32(0.0), np.float32(0.0), np.float32(0.0), np.float32(0.0)]"
1435,1,1.0,"[np.float32(0.0), np.float32(1.0), np.float32(0.0), np.float32(0.0), np.float32(0.0), np.float32(0.0), np.float32(0.0), np.float32(0.0), np.float32(0.0), np.float32(7.0460424e-13)]"
821,2,1.0,"[np.float32(0.0), np.float32(0.0), np.float32(1.0), np.float32(0.0), np.float32(0.0), np.float32(0.0), np.float32(0.0), np.float32(0.0), np.float32(0.0), np.float32(0.0)]"
5040,3,1.0,"[np.float32(0.0), np.float32(0.0), np.float32(0.0), np.float32(1.0), np.float32(0.0), np.float32(0.0), np.float32(0.0), np.float32(0.0), np.float32(0.0), np.float32(0.0)]"
876,4,1.0,"[np.float32(0.0), np.float32(0.0), np.float32(0.0), np.float32(0.0), np.float32(1.0), np.float32(0.0), np.float32(0.0), np.float32(0.0), np.float32(0.0), np.float32(0.0)]"
9540,5,1.0,"[np.float32(0.0), np.float32(0.0), np.float32(0.0), np.float32(0.0), np.float32(0.0), np.float32(1.0), np.float32(0.0), np.float32(0.0), np.float32(0.0), np.float32(0.0)]"
1753,6,1.0,"[np.float32(0.0), np.float32(0.0), np.float32(0.0), np.float32(0.0), np.float32(0.0), np.float32(0.0), np.float32(1.0), np.float32(0.0), np.float32(0.0), np.float32(0.0)]"
5273,7,1.0,"[np.float32(0.0), np.float32(0.0), np.float32(0.0), np.float32(0.0), np.float32(0.0), np.float32(0.0), np.float32(0.0), np.float32(1.0), np.float32(0.0), np.float32(0.0)]"
4083,8,1.0,"[np.float32(0.0), np.float32(0.0), np.float32(0.0), np.float32(0.0), np.float32(0.0), np.float32(0.0), np.float32(0.0), np.float32(0.0), np.float32(1.0), np.float32(0.0)]"
5137,9,1.0,"[np.float32(0.0), np.float32(0.0), np.float32(0.0), np.float32(0.0), np.float32(0.0), np.float32(0.0), np.float32(0.0), np.float32(0.0), np.float32(0.0), np.float32(1.0)]"
9439,0,1.0,"[np.float32(1.0), np.float32(0.0), np.float32(0.0), np.float32(0.0), np.float32(0.0), np.float32(0.0), np.float32(0.0), np.float32(0.0), np.float32(0.0), np.float32(0.0)]"
1923,1,1.0,"[np.float32(0.0), np.float32(1.0), np.float32(0.0), np.float32(0.0), np.float32(0.0), np.float32(0.0), np.float32(0.0), np.float32(0.0), np.float32(0.0), np.float32(0.0)]"
1502,2,1.0,"[np.float32(0.0), np.float32(0.0), np.float32(1.0), np.float32(0.0), np.float32(0.0), np.float32(0.0), np.float32(0.0), np.float32(0.0), np.float32(0.0), np.float32(0.0)]"
5605,3,1.0,"[np.float32(0.0), np.float32(0.0), np.float32(0.0), np.float32(1.0), np.float32(0.0), np.float32(0.0), np.float32(0.0), np.float32(0.0), np.float32(0.0), np.float32(0.0)]"
9911,4,1.0,"[np.float32(0.0), np.float32(0.0), np.float32(0.0), np.float32(0.0), np.float32(1.0), np.float32(0.0), np.float32(0.0), np.float32(8.0176767e-32), np.float32(0.0), np.float32(0.0)]"
6614,5,1.0,"[np.float32(0.0), np.float32(0.0), np.float32(0.0), np.float32(0.0), np.float32(0.0), np.float32(1.0), np.float32(0.0), np.float32(0.0), np.float32(0.0), np.float32(0.0)]"
9241,6,1.0,"[np.float32(0.0), np.float32(0.0), np.float32(0.0), np.float32(0.0), np.float32(0.0), np.float32(0.0), np.float32(1.0), np.float32(0.0), np.float32(0.0), np.float32(0.0)]"
5593,7,1.0,"[np.float32(0.0), np.float32(0.0), np.float32(0.0), np.float32(0.0), np.float32(0.0), np.float32(0.0), np.float32(0.0), np.float32(1.0), np.float32(0.0), np.float32(0.0)]"
4196,8,1.0,"[np.float32(0.0), np.float32(0.0), np.float32(0.0), np.float32(0.0), np.float32(0.0), np.float32(0.0), np.float32(0.0), np.float32(0.0), np.float32(1.0), np.float32(0.0)]"
9238,9,1.0,"[np.float32(0.0), np.float32(0.0), np.float32(0.0), np.float32(0.0), np.float32(0.0), np.float32(0.0), np.float32(0.0), np.float32(0.0), np.float32(0.0), np.float32(1.0)]"
1018,0,1.0,"[np.float32(1.0), np.float32(0.0), np.float32(0.0), np.float32(0.0), np.float32(0.0), np.float32(0.0), np.float32(0.0), np.float32(0.0), np.float32(0.0), np.float32(0.0)]"
4897,1,1.0,"[np.float32(0.0), np.float32(1.0), np.float32(0.0), np.float32(0.0), np.float32(0.0), np.float32(0.0), np.float32(0.0), np.float32(0.0), np.float32(0.0), np.float32(0.0)]"
9603,2,1.0,"[np.float32(0.0), np.float32(0.0), np.float32(1.0), np.float32(0.0), np.float32(0.0), np.float32(0.0), np.float32(0.0), np.float32(9.418554e-11), np.float32(0.0), np.float32(0.0)]"
9148,3,0.9943553,"[np.float32(0.0), np.float32(0.0), np.float32(0.0), np.float32(0.9943553), np.float32(0.0), np.float32(0.005644648), np.float32(0.0), np.float32(0.0), np.float32(0.0), np.float32(0.0)]"
8321,4,1.0,"[np.float32(0.0), np.float32(0.0), np.float32(0.0), np.float32(0.0), np.float32(1.0), np.float32(0.0), np.float32(0.0), np.float32(0.0), np.float32(0.0), np.float32(0.0)]"
1559,5,1.0,"[np.float32(0.0), np.float32(0.0), np.float32(0.0), np.float32(0.0), np.float32(0.0), np.float32(1.0), np.float32(0.0), np.float32(0.0), np.float32(0.0), np.float32(0.0)]"
6547,6,1.0,"[np.float32(0.0), np.float32(0.0), np.float32(0.0), np.float32(0.0), np.float32(0.0), np.float32(0.0), np.float32(1.0), np.float32(0.0), np.float32(0.0), np.float32(0.0)]"
1198,7,1.0,"[np.float32(0.0), np.float32(0.0), np.float32(0.0), np.float32(0.0), np.float32(0.0), np.float32(0.0), np.float32(0.0), np.float32(1.0), np.float32(0.0), np.float32(0.0)]"
401,8,1.0,"[np.float32(0.0), np.float32(0.0), np.float32(0.0), np.float32(0.0), np.float32(0.0), np.float32(0.0), np.float32(0.0), np.float32(0.0), np.float32(1.0), np.float32(0.0)]"
611,9,1.0,"[np.float32(0.0), np.float32(0.0), np.float32(0.0), np.float32(0.0), np.float32(0.0), np.float32(0.0), np.float32(0.0), np.float32(0.0), np.float32(0.0), np.float32(1.0)]"
4308,0,1.0,"[np.float32(1.0), np.float32(0.0), np.float32(0.0), np.float32(0.0), np.float32(0.0), np.float32(0.0), np.float32(0.0), np.float32(0.0), np.float32(0.0), np.float32(0.0)]"
8880,1,1.0,"[np.float32(0.0), np.float32(1.0), np.float32(0.0), np.float32(0.0), np.float32(0.0), np.float32(0.0), np.float32(0.0), np.float32(0.0), np.float32(0.0), np.float32(0.0)]"
6819,2,1.0,"[np.float32(0.0), np.float32(0.0), np.float32(1.0), np.float32(0.0), np.float32(0.0), np.float32(0.0), np.float32(0.0), np.float32(0.0), np.float32(0.0), np.float32(0.0)]"
1280,3,1.0,"[np.float32(0.0), np.float32(0.0), np.float32(0.0), np.float32(1.0), np.float32(0.0), np.float32(0.0), np.float32(0.0), np.float32(0.0), np.float32(0.0), np.float32(0.0)]"
117,4,1.0,"[np.float32(0.0), np.float32(0.0), np.float32(0.0), np.float32(0.0), np.float32(1.0), np.float32(0.0), np.float32(0.0), np.float32(0.0), np.float32(0.0), np.float32(0.0)]"
4738,5,0.9999994,"[np.float32(0.0), np.float32(0.0), np.float32(0.0), np.float32(6.01088e-07), np.float32(0.0), np.float32(0.9999994), np.float32(0.0), np.float32(0.0), np.float32(0.0), np.float32(0.0)]"
9194,6,1.0,"[np.float32(0.0), np.float32(0.0), np.float32(0.0), np.float32(0.0), np.float32(0.0), np.float32(0.0), np.float32(1.0), np.float32(0.0), np.float32(0.0), np.float32(0.0)]"
216,7,1.0,"[np.float32(0.0), np.float32(0.0), np.float32(0.0), np.float32(0.0), np.float32(0.0), np.float32(0.0), np.float32(0.0), np.float32(1.0), np.float32(0.0), np.float32(0.0)]"
7621,8,1.0,"[np.float32(0.0), np.float32(0.0), np.float32(0.0), np.float32(0.0), np.float32(0.0), np.float32(0.0), np.float32(0.0), np.float32(0.0), np.float32(1.0), np.float32(0.0)]"
8624,9,1.0,"[np.float32(0.0), np.float32(0.0), np.float32(0.0), np.float32(0.0), np.float32(0.0), np.float32(0.0), np.float32(0.0), np.float32(4.1528273e-16), np.float32(0.0), np.float32(1.0)]"
9633,0,1.0,"[np.float32(1.0), np.float32(0.0), np.float32(0.0), np.float32(0.0), np.float32(0.0), np.float32(0.0), np.float32(0.0), np.float32(0.0), np.float32(0.0), np.float32(0.0)]"
990,1,1.0,"[np.float32(0.0), np.float32(1.0), np.float32(0.0), np.float32(0.0), np.float32(0.0), np.float32(0.0), np.float32(0.0), np.float32(0.0), np.float32(0.0), np.float32(0.0)]"
9728,2,1.0,"[np.float32(0.0), np.float32(0.0), np.float32(1.0), np.float32(0.0), np.float32(0.0), np.float32(0.0), np.float32(0.0), np.float32(0.0), np.float32(0.0), np.float32(0.0)]"
9277,3,1.0,"[np.float32(0.0), np.float32(0.0), np.float32(0.0), np.float32(1.0), np.float32(0.0), np.float32(0.0), np.float32(0.0), np.float32(0.0), np.float32(0.0), np.float32(0.0)]"
3851,4,1.0,"[np.float32(0.0), np.float32(0.0), np.float32(0.0), np.float32(0.0), np.float32(1.0), np.float32(0.0), np.float32(0.0), np.float32(0.0), np.float32(0.0), np.float32(0.0)]"
649,5,1.0,"[np.float32(0.0), np.float32(0.0), np.float32(0.0), np.float32(0.0), np.float32(0.0), np.float32(1.0), np.float32(0.0), np.float32(0.0), np.float32(0.0), np.float32(0.0)]"
1338,6,1.0,"[np.float32(0.0), np.float32(0.0), np.float32(0.0), np.float32(0.0), np.float32(0.0), np.float32(0.0), np.float32(1.0), np.float32(0.0), np.float32(0.0), np.float32(0.0)]"
8816,7,1.0,"[np.float32(0.0), np.float32(0.0), np.float32(2.3894e-41), np.float32(0.0), np.float32(1.4767259e-08), np.float32(0.0), np.float32(3.3463614e-24), np.float32(1.0), np.float32(0.0), np.float32(0.0)]"
4498,8,1.0,"[np.float32(0.0), np.float32(0.0), np.float32(0.0), np.float32(0.0), np.float32(0.0), np.float32(0.0), np.float32(0.0), np.float32(0.0), np.float32(1.0), np.float32(0.0)]"
50,9,1.0,"[np.float32(0.0), np.float32(0.0), np.float32(0.0), np.float32(0.0), np.float32(0.0), np.float32(0.0), np.float32(0.0), np.float32(0.0), np.float32(0.0), np.float32(1.0)]"
2400,0,1.0,"[np.float32(1.0), np.float32(0.0), np.float32(0.0), np.float32(0.0), np.float32(0.0), np.float32(0.0), np.float32(0.0), np.float32(0.0), np.float32(0.0), np.float32(0.0)]"
8053,1,1.0,"[np.float32(0.0), np.float32(1.0), np.float32(0.0), np.float32(0.0), np.float32(0.0), np.float32(0.0), np.float32(0.0), np.float32(0.0), np.float32(0.0), np.float32(0.0)]"
7171,2,1.0,"[np.float32(0.0), np.float32(0.0), np.float32(1.0), np.float32(0.0), np.float32(0.0), np.float32(0.0), np.float32(0.0), np.float32(0.0), np.float32(0.0), np.float32(0.0)]"
1269,3,1.0,"[np.float32(0.0), np.float32(0.0), np.float32(0.0), np.float32(1.0), np.float32(0.0), np.float32(0.0), np.float32(0.0), np.float32(0.0), np.float32(0.0), np.float32(0.0)]"
9711,4,1.0,"[np.float32(0.0), np.float32(0.0), np.float32(0.0), np.float32(0.0), np.float32(1.0), np.float32(0.0), np.float32(0.0), np.float32(0.0), np.float32(0.0), np.float32(0.0)]"
5645,5,0.78933525,"[np.float32(0.0), np.float32(0.0), np.float32(0.0), np.float32(0.2106648), np.float32(0.0), np.float32(0.78933525), np.float32(0.0), np.float32(0.0), np.float32(0.0), np.float32(0.0)]"
6934,6,1.0,"[np.float32(0.0), np.float32(0.0), np.float32(0.0), np.float32(0.0), np.float32(0.0), np.float32(0.0), np.float32(1.0), np.float32(0.0), np.float32(0.0), np.float32(0.0)]"
7610,7,1.0,"[np.float32(0.0), np.float32(0.0), np.float32(0.0), np.float32(0.0), np.float32(0.0), np.float32(0.0), np.float32(0.0), np.float32(1.0), np.float32(0.0), np.float32(0.0)]"
8530,8,1.0,"[np.float32(0.0), np.float32(0.0), np.float32(0.0), np.float32(0.0), np.float32(0.0), np.float32(0.0), np.float32(0.0), np.float32(0.0), np.float32(1.0), np.float32(0.0)]"
7028,9,1.0,"[np.float32(0.0), np.float32(0.0), np.float32(0.0), np.float32(0.0), np.float32(0.0), np.float32(0.0), np.float32(0.0), np.float32(0.0), np.float32(0.0), np.float32(1.0)]"
2833,0,1.0,"[np.float32(1.0), np.float32(0.0), np.float32(0.0), np.float32(0.0), np.float32(0.0), np.float32(0.0), np.float32(0.0), np.float32(0.0), np.float32(0.0), np.float32(0.0)]"
1187,1,1.0,"[np.float32(0.0), np.float32(1.0), np.float32(0.0), np.float32(0.0), np.float32(0.0), np.float32(0.0), np.float32(0.0), np.float32(0.0), np.float32(0.0), np.float32(0.0)]"
5275,2,1.0,"[np.float32(0.0), np.float32(0.0), np.float32(1.0), np.float32(0.0), np.float32(0.0), np.float32(0.0), np.float32(0.0), np.float32(0.0), np.float32(0.0), np.float32(0.0)]"
3234,3,1.0,"[np.float32(0.0), np.float32(0.0), np.float32(0.0), np.float32(1.0), np.float32(0.0), np.float32(0.0), np.float32(0.0), np.float32(0.0), np.float32(0.0), np.float32(0.0)]"
1533,4,1.0,"[np.float32(0.0), np.float32(0.0), np.float32(0.0), np.float32(0.0), np.float32(1.0), np.float32(0.0), np.float32(0.0), np.float32(6.3047e-41), np.float32(0.0), np.float32(0.0)]"
1561,5,0.99999857,"[np.float32(0.0), np.float32(0.0), np.float32(0.0), np.float32(1.3888117e-06), np.float32(0.0), np.float32(0.99999857), np.float32(0.0), np.float32(0.0), np.float32(0.0), np.float32(0.0)]"
4983,6,1.0,"[np.float32(0.0), np.float32(0.0), np.float32(0.0), np.float32(0.0), np.float32(7.0366e-41), np.float32(0.0), np.float32(1.0), np.float32(0.0), np.float32(0.0), np.float32(0.0)]"
958,7,1.0,"[np.float32(0.0), np.float32(0.0), np.float32(0.0), np.float32(0.0), np.float32(0.0), np.float32(0.0), np.float32(0.0), np.float32(1.0), np.float32(0.0), np.float32(0.0)]"
3946,8,1.0,"[np.float32(0.0), np.float32(0.0), np.float32(0.0), np.float32(0.0), np.float32(0.0), np.float32(0.0), np.float32(0.0), np.float32(0.0), np.float32(1.0), np.float32(0.0)]"
9689,9,1.0,"[np.float32(0.0), np.float32(0.0), np.float32(0.0), np.float32(0.0), np.float32(0.0), np.float32(0.0), np.float32(0.0), np.float32(0.0), np.float32(0.0), np.float32(1.0)]"
6351,0,1.0,"[np.float32(1.0), np.float32(0.0), np.float32(0.0), np.float32(0.0), np.float32(0.0), np.float32(0.0), np.float32(0.0), np.float32(0.0), np.float32(0.0), np.float32(0.0)]"
5135,1,1.0,"[np.float32(0.0), np.float32(1.0), np.float32(0.0), np.float32(0.0), np.float32(0.0), np.float32(0.0), np.float32(0.0), np.float32(0.0), np.float32(0.0), np.float32(0.0)]"
4438,2,1.0,"[np.float32(0.0), np.float32(0.0), np.float32(1.0), np.float32(7.4e-44), np.float32(0.0), np.float32(0.0), np.float32(0.0), np.float32(0.0), np.float32(0.0), np.float32(0.0)]"
9722,3,1.0,"[np.float32(0.0), np.float32(0.0), np.float32(0.0), np.float32(1.0), np.float32(0.0), np.float32(0.0), np.float32(0.0), np.float32(0.0), np.float32(0.0), np.float32(0.0)]"
8429,4,1.0,"[np.float32(0.0), np.float32(0.0), np.float32(0.0), np.float32(0.0), np.float32(1.0), np.float32(0.0), np.float32(0.0), np.float32(0.0), np.float32(0.0), np.float32(0.0)]"
4860,5,1.0,"[np.float32(0.0), np.float32(0.0), np.float32(0.0), np.float32(0.0), np.float32(0.0), np.float32(1.0), np.float32(0.0), np.float32(0.0), np.float32(0.0), np.float32(0.0)]"
4161,6,1.0,"[np.float32(0.0), np.float32(0.0), np.float32(0.0), np.float32(0.0), np.float32(0.0), np.float32(0.0), np.float32(1.0), np.float32(0.0), np.float32(0.0), np.float32(0.0)]"
4538,7,1.0,"[np.float32(0.0), np.float32(0.0), np.float32(0.0), np.float32(0.0), np.float32(0.0), np.float32(0.0), np.float32(0.0), np.float32(1.0), np.float32(0.0), np.float32(0.0)]"
3155,8,1.0,"[np.float32(0.0), np.float32(0.0), np.float32(0.0), np.float32(0.0), np.float32(0.0), np.float32(0.0), np.float32(0.0), np.float32(0.0), np.float32(1.0), np.float32(0.0)]"
8615,9,1.0,"[np.float32(0.0), np.float32(0.0), np.float32(0.0), np.float32(0.0), np.float32(0.0), np.float32(0.0), np.float32(0.0), np.float32(0.0), np.float32(0.0), np.float32(1.0)]"
6394,0,1.0,"[np.float32(1.0), np.float32(0.0), np.float32(0.0), np.float32(0.0), np.float32(0.0), np.float32(0.0), np.float32(0.0), np.float32(0.0), np.float32(0.0), np.float32(0.0)]"
7878,1,1.0,"[np.float32(0.0), np.float32(1.0), np.float32(0.0), np.float32(0.0), np.float32(0.0), np.float32(0.0), np.float32(0.0), np.float32(0.0), np.float32(0.0), np.float32(0.0)]"
2090,2,1.0,"[np.float32(0.0), np.float32(0.0), np.float32(1.0), np.float32(0.0), np.float32(0.0), np.float32(0.0), np.float32(0.0), np.float32(0.0), np.float32(0.0), np.float32(0.0)]"
9131,3,1.0,"[np.float32(0.0), np.float32(0.0), np.float32(0.0), np.float32(1.0), np.float32(0.0), np.float32(0.0), np.float32(0.0), np.float32(0.0), np.float32(0.0), np.float32(0.0)]"
5038,4,1.0,"[np.float32(0.0), np.float32(0.0), np.float32(0.0), np.float32(0.0), np.float32(1.0), np.float32(0.0), np.float32(0.0), np.float32(0.0), np.float32(0.0), np.float32(0.0)]"
544,5,1.0,"[np.float32(0.0), np.float32(0.0), np.float32(0.0), np.float32(0.0), np.float32(0.0), np.float32(1.0), np.float32(0.0), np.float32(0.0), np.float32(0.0), np.float32(0.0)]"
7764,6,1.0,"[np.float32(0.0), np.float32(0.0), np.float32(0.0), np.float32(0.0), np.float32(0.0), np.float32(0.0), np.float32(1.0), np.float32(0.0), np.float32(0.0), np.float32(0.0)]"
1616,7,1.0,"[np.float32(0.0), np.float32(0.0), np.float32(0.0), np.float32(0.0), np.float32(0.0), np.float32(0.0), np.float32(0.0), np.float32(1.0), np.float32(0.0), np.float32(0.0)]"
8158,8,1.0,"[np.float32(0.0), np.float32(0.0), np.float32(0.0), np.float32(0.0), np.float32(0.0), np.float32(0.0), np.float32(0.0), np.float32(0.0), np.float32(1.0), np.float32(0.0)]"
4800,9,1.0,"[np.float32(0.0), np.float32(0.0), np.float32(0.0), np.float32(0.0), np.float32(0.0), np.float32(0.0), np.float32(0.0), np.float32(0.0), np.float32(0.0), np.float32(1.0)]"
9921,0,1.0,"[np.float32(1.0), np.float32(0.0), np.float32(0.0), np.float32(0.0), np.float32(0.0), np.float32(0.0), np.float32(0.0), np.float32(0.0), np.float32(5.015973e-33), np.float32(0.0)]"
4015,1,1.0,"[np.float32(0.0), np.float32(1.0), np.float32(0.0), np.float32(0.0), np.float32(0.0), np.float32(0.0), np.float32(0.0), np.float32(0.0), np.float32(0.0), np.float32(0.0)]"
2070,2,1.0,"[np.float32(0.0), np.float32(0.0), np.float32(1.0), np.float32(0.0), np.float32(0.0), np.float32(0.0), np.float32(0.0), np.float32(0.0), np.float32(0.0), np.float32(0.0)]"
5161,3,1.0,"[np.float32(0.0), np.float32(0.0), np.float32(0.0), np.float32(1.0), np.float32(0.0), np.float32(3.5468002e-35), np.float32(0.0), np.float32(0.0), np.float32(0.0), np.float32(0.0)]"
8671,4,0.9999896,"[np.float32(0.0), np.float32(0.0), np.float32(0.0), np.float32(1.04038145e-05), np.float32(0.9999896), np.float32(0.0), np.float32(0.0), np.float32(0.0), np.float32(0.0), np.float32(0.0)]"
3092,5,1.0,"[np.float32(0.0), np.float32(0.0), np.float32(1.3182843e-26), np.float32(5.964687e-18), np.float32(0.0), np.float32(1.0), np.float32(0.0), np.float32(2.7372665e-19), np.float32(0.0), np.float32(0.0)]"
2602,6,1.0,"[np.float32(0.0), np.float32(0.0), np.float32(0.0), np.float32(0.0), np.float32(0.0), np.float32(0.0), np.float32(1.0), np.float32(0.0), np.float32(0.0), np.float32(0.0)]"
5333,7,1.0,"[np.float32(0.0), np.float32(0.0), np.float32(0.0), np.float32(0.0), np.float32(0.0), np.float32(0.0), np.float32(0.0), np.float32(1.0), np.float32(0.0), np.float32(0.0)]"
7392,8,1.0,"[np.float32(0.0), np.float32(0.0), np.float32(0.0), np.float32(0.0), np.float32(0.0), np.float32(0.0), np.float32(0.0), np.float32(0.0), np.float32(1.0), np.float32(0.0)]"
4298,9,1.0,"[np.float32(0.0), np.float32(0.0), np.float32(0.0), np.float32(0.0), np.float32(0.0), np.float32(0.0), np.float32(0.0), np.float32(0.0), np.float32(0.0), np.float32(1.0)]"
9248,0,1.0,"[np.float32(1.0), np.float32(0.0), np.float32(2.1829225e-26), np.float32(0.0), np.float32(0.0), np.float32(0.0), np.float32(0.0), np.float32(0.0), np.float32(0.0), np.float32(0.0)]"
8579,1,1.0,"[np.float32(0.0), np.float32(1.0), np.float32(0.0), np.float32(0.0), np.float32(0.0), np.float32(0.0), np.float32(0.0), np.float32(0.0), np.float32(0.0), np.float32(0.0)]"
6078,2,1.0,"[np.float32(0.0), np.float32(0.0), np.float32(1.0), np.float32(0.0), np.float32(0.0), np.float32(0.0), np.float32(0.0), np.float32(0.0), np.float32(0.0), np.float32(0.0)]"
7374,3,1.0,"[np.float32(0.0), np.float32(0.0), np.float32(0.0), np.float32(1.0), np.float32(0.0), np.float32(0.0), np.float32(0.0), np.float32(0.0), np.float32(0.0), np.float32(0.0)]"
6129,4,1.0,"[np.float32(0.0), np.float32(0.0), np.float32(0.0), np.float32(0.0), np.float32(1.0), np.float32(0.0), np.float32(0.0), np.float32(0.0), np.float32(0.0), np.float32(0.0)]"
3334,5,1.0,"[np.float32(0.0), np.float32(0.0), np.float32(8.237876e-21), np.float32(2.169269e-39), np.float32(0.0), np.float32(1.0), np.float32(0.0), np.float32(0.0), np.float32(0.0), np.float32(0.0)]"
902,6,1.0,"[np.float32(0.0), np.float32(0.0), np.float32(0.0), np.float32(0.0), np.float32(0.0), np.float32(0.0), np.float32(1.0), np.float32(0.0), np.float32(0.0), np.float32(0.0)]"
419,7,1.0,"[np.float32(0.0), np.float32(0.0), np.float32(0.0), np.float32(0.0), np.float32(0.0), np.float32(0.0), np.float32(0.0), np.float32(1.0), np.float32(0.0), np.float32(0.0)]"
1843,8,1.0,"[np.float32(0.0), np.float32(0.0), np.float32(0.0), np.float32(0.0), np.float32(0.0), np.float32(0.0), np.float32(0.0), np.float32(0.0), np.float32(1.0), np.float32(0.0)]"
6059,9,1.0,"[np.float32(0.0), np.float32(0.0), np.float32(0.0), np.float32(0.0), np.float32(0.0), np.float32(0.0), np.float32(0.0), np.float32(0.0), np.float32(0.0), np.float32(1.0)]"
5278,0,0.6747742,"[np.float32(0.6747742), np.float32(0.0), np.float32(0.3252258), np.float32(0.0), np.float32(0.0), np.float32(0.0), np.float32(0.0), np.float32(0.0), np.float32(0.0), np.float32(0.0)]"
8559,1,1.0,"[np.float32(0.0), np.float32(1.0), np.float32(0.0), np.float32(0.0), np.float32(0.0), np.float32(0.0), np.float32(0.0), np.float32(0.0), np.float32(0.0), np.float32(0.0)]"
6488,2,1.0,"[np.float32(0.0), np.float32(0.0), np.float32(1.0), np.float32(0.0), np.float32(0.0), np.float32(0.0), np.float32(0.0), np.float32(0.0), np.float32(0.0), np.float32(0.0)]"
3324,3,1.0,"[np.float32(0.0), np.float32(0.0), np.float32(0.0), np.float32(1.0), np.float32(0.0), np.float32(0.0), np.float32(0.0), np.float32(0.0), np.float32(0.0), np.float32(0.0)]"
7730,4,1.0,"[np.float32(0.0), np.float32(0.0), np.float32(0.0), np.float32(0.0), np.float32(1.0), np.float32(0.0), np.float32(0.0), np.float32(0.0), np.float32(0.0), np.float32(0.0)]"
7529,5,1.0,"[np.float32(0.0), np.float32(0.0), np.float32(0.0), np.float32(5.86172e-40), np.float32(0.0), np.float32(1.0), np.float32(0.0), np.float32(0.0), np.float32(0.0), np.float32(0.0)]"
8150,6,1.0,"[np.float32(0.0), np.float32(0.0), np.float32(0.0), np.float32(0.0), np.float32(0.0), np.float32(0.0), np.float32(1.0), np.float32(0.0), np.float32(0.0), np.float32(0.0)]"
1149,7,1.0,"[np.float32(0.0), np.float32(0.0), np.float32(0.0), np.float32(0.0), np.float32(0.0), np.float32(0.0), np.float32(0.0), np.float32(1.0), np.float32(0.0), np.float32(0.0)]"
4636,8,1.0,"[np.float32(0.0), np.float32(0.0), np.float32(0.0), np.float32(0.0), np.float32(0.0), np.float32(0.0), np.float32(0.0), np.float32(0.0), np.float32(1.0), np.float32(0.0)]"
8849,9,1.0,"[np.float32(0.0), np.float32(0.0), np.float32(0.0), np.float32(0.0), np.float32(0.0), np.float32(0.0), np.float32(0.0), np.float32(0.0), np.float32(0.0), np.float32(1.0)]"
9507,0,1.0,"[np.float32(1.0), np.float32(0.0), np.float32(0.0), np.float32(0.0), np.float32(0.0), np.float32(0.0), np.float32(0.0), np.float32(0.0), np.float32(0.0), np.float32(0.0)]"
4327,1,1.0,"[np.float32(0.0), np.float32(1.0), np.float32(0.0), np.float32(0.0), np.float32(0.0), np.float32(0.0), np.float32(0.0), np.float32(0.0), np.float32(0.0), np.float32(0.0)]"
2515,2,1.0,"[np.float32(0.0), np.float32(0.0), np.float32(1.0), np.float32(0.0), np.float32(2.4621e-41), np.float32(0.0), np.float32(0.0), np.float32(0.0), np.float32(0.0), np.float32(0.0)]"
6126,3,1.0,"[np.float32(0.0), np.float32(0.0), np.float32(0.0), np.float32(1.0), np.float32(0.0), np.float32(0.0), np.float32(0.0), np.float32(0.0), np.float32(0.0), np.float32(0.0)]"
9318,4,1.0,"[np.float32(0.0), np.float32(0.0), np.float32(0.0), np.float32(0.0), np.float32(1.0), np.float32(0.0), np.float32(0.0), np.float32(0.0), np.float32(0.0), np.float32(0.0)]"
4530,5,1.0,"[np.float32(0.0), np.float32(0.0), np.float32(0.0), np.float32(6.6210616e-36), np.float32(0.0), np.float32(1.0), np.float32(0.0), np.float32(0.0), np.float32(0.0), np.float32(0.0)]"
8831,6,1.0,"[np.float32(0.0), np.float32(0.0), np.float32(0.0), np.float32(0.0), np.float32(0.0), np.float32(0.0), np.float32(1.0), np.float32(0.0), np.float32(0.0), np.float32(0.0)]"
3071,7,1.0,"[np.float32(0.0), np.float32(0.0), np.float32(0.0), np.float32(0.0), np.float32(0.0), np.float32(0.0), np.float32(0.0), np.float32(1.0), np.float32(0.0), np.float32(0.0)]"
9568,8,1.0,"[np.float32(0.0), np.float32(0.0), np.float32(0.0), np.float32(0.0), np.float32(0.0), np.float32(0.0), np.float32(0.0), np.float32(0.0), np.float32(1.0), np.float32(0.0)]"
2907,9,1.0,"[np.float32(0.0), np.float32(0.0), np.float32(0.0), np.float32(0.0), np.float32(0.0), np.float32(0.0), np.float32(0.0), np.float32(0.0), np.float32(0.0), np.float32(1.0)]"
2468,0,1.0,"[np.float32(1.0), np.float32(0.0), np.float32(0.0), np.float32(0.0), np.float32(0.0), np.float32(0.0), np.float32(0.0), np.float32(0.0), np.float32(0.0), np.float32(0.0)]"
1716,1,1.0,"[np.float32(0.0), np.float32(1.0), np.float32(0.0), np.float32(0.0), np.float32(0.0), np.float32(0.0), np.float32(0.0), np.float32(0.0), np.float32(0.0), np.float32(0.0)]"
8661,2,1.0,"[np.float32(0.0), np.float32(0.0), np.float32(1.0), np.float32(0.0), np.float32(0.0), np.float32(0.0), np.float32(0.0), np.float32(0.0), np.float32(0.0), np.float32(0.0)]"
9666,3,1.0,"[np.float32(0.0), np.float32(0.0), np.float32(0.0), np.float32(1.0), np.float32(0.0), np.float32(0.0), np.float32(0.0), np.float32(0.0), np.float32(0.0), np.float32(0.0)]"
6625,4,1.0,"[np.float32(0.0), np.float32(0.0), np.float32(0.0), np.float32(0.0), np.float32(1.0), np.float32(0.0), np.float32(0.0), np.float32(0.0), np.float32(0.0), np.float32(0.0)]"
5025,5,1.0,"[np.float32(0.0), np.float32(0.0), np.float32(0.0), np.float32(0.0), np.float32(0.0), np.float32(1.0), np.float32(0.0), np.float32(0.0), np.float32(0.0), np.float32(0.0)]"
5734,6,1.0,"[np.float32(0.0), np.float32(0.0), np.float32(0.0), np.float32(0.0), np.float32(0.0), np.float32(0.0), np.float32(1.0), np.float32(0.0), np.float32(0.0), np.float32(0.0)]"
1839,7,1.0,"[np.float32(0.0), np.float32(0.0), np.float32(0.0), np.float32(0.0), np.float32(0.0), np.float32(0.0), np.float32(0.0), np.float32(1.0), np.float32(0.0), np.float32(0.0)]"
3586,8,1.0,"[np.float32(0.0), np.float32(0.0), np.float32(0.0), np.float32(0.0), np.float32(0.0), np.float32(0.0), np.float32(0.0), np.float32(0.0), np.float32(1.0), np.float32(0.0)]"
1997,9,1.0,"[np.float32(0.0), np.float32(0.0), np.float32(0.0), np.float32(0.0), np.float32(0.0), np.float32(0.0), np.float32(0.0), np.float32(0.0), np.float32(0.0), np.float32(1.0)]"
